x1,index,title,abstract,store_id,article_type,authors,copyright,document_type,entry_date,issn,issue,language,language_of_summary,pages,place_of_publication,pubdate,pubtitle,year,volume,document_url,document_features,start_page,find_a_copy,database,date_new,index_new,old_path,file_exists,new_filename,new_path,success
NA,na,INEFFICIENT COLLEGES: WASTE OF TALENT,"Higher education is not overlooked in the Johnson-sponsored aid-toeducation legislation, but its benefits will fall far short unless the colleges and universities do a great deal to provide more education at less cost per student.",2442863978,Magazines,"Moley, Raymond","© IBT Media, Inc",Article,"Oct 25, 1965",0028-9604,17,English,English,124,New York,"Oct 25, 1965",Newsweek,1965,66,https://www.proquest.com/magazines/inefficient-colleges/docview/2442863978/se-2?accountid=14696,Photographs,124,https://usmai-umcp.primo.exlibrisgroup.com/openurl/01USMAI_UMCP/01USMAI_UMCP:UMCP?sid=ProQ:&amp;issn=00289604&amp;volume=66&amp;issue=17&amp;title=Newsweek&amp;spage=124&amp;date=1965-10-25&amp;atitle=INEFFICIENT+COLLEGES&amp;au=Moley%2C+Raymond&amp;id=doi:,The Newsweek Archive,1965-10-25,na,./perspective_extracted/na,FALSE,1965-10-25na.txt,./perspective_renamed/1965-10-25na.txt,FALSE
42,batch2_42.pdf,FOLLOWING THE RETURNS: CUTTING CORNERS,"Dissent from a popular decision always involves painful soul-searching by a judge, a legislator, or a journalist. And when the decision may claim moral justification, opposition is doubly hard. That is why this piece is written with the greatest of reluctance.",1843929578,Magazines,"Moley, Raymond","© IBT Media, Inc",Article,"Dec 28, 1964",0028-9604,26,English,English,60,New York,"Dec 28, 1964",Newsweek,1964,64,https://www.proquest.com/magazines/following-returns/docview/1843929578/se-2?accountid=14696,Photographs,60,https://usmai-umcp.primo.exlibrisgroup.com/openurl/01USMAI_UMCP/01USMAI_UMCP:UMCP?sid=ProQ:&amp;issn=00289604&amp;volume=64&amp;issue=26&amp;title=Newsweek&amp;spage=60&amp;date=1964-12-28&amp;atitle=FOLLOWING+THE+RETURNS&amp;au=Moley%2C+Raymond&amp;id=doi:,The Newsweek Archive,1964-12-28,batch2_42_page0.txt,./perspective_extracted/batch2_42_page0.txt,FALSE,1964-12-28batch2_42_page0.txt.txt,./perspective_renamed/1964-12-28batch2_42_page0.txt.txt,FALSE
62,batch2_62.pdf,THIS IS OUR BUSINESS: THE 'LION'S PAW',"While both Presidential candidates may labor to prevent pre-Civil War issues from playing a part in this campaign, there is nothing they can do about the ignition of a still more remote concern—the spirit of 1776.",1866763923,Magazines,"Moley, Raymond","© IBT Media, Inc",Article,"Aug 10, 1964",0028-9604,6,English,English,72,New York,"Aug 10, 1964",Newsweek,1964,64,https://www.proquest.com/magazines/this-is-our-business/docview/1866763923/se-2?accountid=14696,Photographs,72,https://usmai-umcp.primo.exlibrisgroup.com/openurl/01USMAI_UMCP/01USMAI_UMCP:UMCP?sid=ProQ:&amp;issn=00289604&amp;volume=64&amp;issue=6&amp;title=Newsweek&amp;spage=72&amp;date=1964-08-10&amp;atitle=THIS+IS+OUR+BUSINESS&amp;au=Moley%2C+Raymond&amp;id=doi:,The Newsweek Archive,1964-08-10,batch2_62_page0.txt,./perspective_extracted/batch2_62_page0.txt,FALSE,1964-08-10batch2_62_page0.txt.txt,./perspective_renamed/1964-08-10batch2_62_page0.txt.txt,FALSE
71,batch2_71.pdf,"AN AMERICAN EPIC: HUNGER, PESTILENCE","This year, 1964, will see two anniversaries in the life of Herbert Hoover. He will be 90 years old in August. And, as fate decreed it, it was in August 50 years ago that Hoover gave up his career as an engineer and in the half century since he has given his entire life to the public service.",1850827043,Magazines,"Moley, Raymond","© IBT Media, Inc",Article,"Jun 8, 1964",0028-9604,23,English,English,108,New York,"Jun 8, 1964",Newsweek,1964,63,https://www.proquest.com/magazines/american-epic/docview/1850827043/se-2?accountid=14696,Photographs,108,https://usmai-umcp.primo.exlibrisgroup.com/openurl/01USMAI_UMCP/01USMAI_UMCP:UMCP?sid=ProQ:&amp;issn=00289604&amp;volume=63&amp;issue=23&amp;title=Newsweek&amp;spage=108&amp;date=1964-06-08&amp;atitle=AN+AMERICAN+EPIC&amp;au=Moley%2C+Raymond&amp;id=doi:,The Newsweek Archive,1964-06-08,batch2_71_page0.txt,./perspective_extracted/batch2_71_page0.txt,FALSE,1964-06-08batch2_71_page0.txt.txt,./perspective_renamed/1964-06-08batch2_71_page0.txt.txt,FALSE
78,batch2_78.pdf,The Essential South: THE EISENHOWER DECLINE,"OKLAHOMA City—The emergence of a young and growing Republican Party in the hitherto Democratic South may well be the salvation of the Republican cause over the nation. Indeed, it may be essential to the preservation of a national twoparty system. This is why I have attempted to study this remarkable political change during a five weeks' trip through the South this spring and also in 1963.",1850809991,Magazines,"Moley, Raymond","© IBT Media, Inc",Article,"Apr 20, 1964",0028-9604,16,English,English,122,New York,"Apr 20, 1964",Newsweek,1964,63,https://www.proquest.com/magazines/essential-south/docview/1850809991/se-2?accountid=14696,Photographs,122,https://usmai-umcp.primo.exlibrisgroup.com/openurl/01USMAI_UMCP/01USMAI_UMCP:UMCP?sid=ProQ:&amp;issn=00289604&amp;volume=63&amp;issue=16&amp;title=Newsweek&amp;spage=122&amp;date=1964-04-20&amp;atitle=The+Essential+South&amp;au=Moley%2C+Raymond&amp;id=doi:,The Newsweek Archive,1964-04-20,batch2_78_page0.txt,./perspective_extracted/batch2_78_page0.txt,FALSE,1964-04-20batch2_78_page0.txt.txt,./perspective_renamed/1964-04-20batch2_78_page0.txt.txt,FALSE
177,batch2_177.pdf,The Issues in California: WORLDWIDE OUTLOOK,LOS ANGELES—Many good citizens of California with whom I have discussed the current primary campaign deeply deplore some of the national publicity which it has received. Such embarrassments through misunderstanding of the complex nature of California politics are not new.,1879127222,Magazines,"Moley, Raymond","© IBT Media, Inc",Article,"May 28, 1962",0028-9604,22,English,English,106,New York,"May 28, 1962",Newsweek,1962,59,https://www.proquest.com/magazines/issues-california/docview/1879127222/se-2?accountid=14696,Photographs,106,https://usmai-umcp.primo.exlibrisgroup.com/openurl/01USMAI_UMCP/01USMAI_UMCP:UMCP?sid=ProQ:&amp;issn=00289604&amp;volume=59&amp;issue=22&amp;title=Newsweek&amp;spage=106&amp;date=1962-05-28&amp;atitle=The+Issues+in+California&amp;au=Moley%2C+Raymond&amp;id=doi:,The Newsweek Archive,1962-05-28,batch2_177_page0.txt,./perspective_extracted/batch2_177_page0.txt,FALSE,1962-05-28batch2_177_page0.txt.txt,./perspective_renamed/1962-05-28batch2_177_page0.txt.txt,FALSE
197,na,Scattered Policy-Making: DIVIDED RESPONSIBILITY,"THE circumstances which have brought and still may bring the United States disastrous consequences in the Congo invite examination. Those future consequences of the U.N. adventure could be either bloody chaos and factional strife followed by Communist penetration, or complete conquest of Katanga.",1895331199,Magazines,"Moley, Raymond","© IBT Media, Inc",Article,"Jan 1, 1962",0028-9604,1,English,English,56,New York,"Jan 1, 1962",Newsweek,1962,59,https://www.proquest.com/magazines/scattered-policy-making/docview/1895331199/se-2?accountid=14696,Photographs,56,https://usmai-umcp.primo.exlibrisgroup.com/openurl/01USMAI_UMCP/01USMAI_UMCP:UMCP?sid=ProQ:&amp;issn=00289604&amp;volume=59&amp;issue=1&amp;title=Newsweek&amp;spage=56&amp;date=1962-01-01&amp;atitle=Scattered+Policy-Making&amp;au=Moley%2C+Raymond&amp;id=doi:,The Newsweek Archive,1962-01-01,na,./perspective_extracted/na,FALSE,1962-01-01na.txt,./perspective_renamed/1962-01-01na.txt,FALSE
209,batch2_209.pdf,"A Money Crisis, Too: THE RECKONING","MR. CORNELIUS CITIZEN, confronted with a new national or international crisis a day, recedes from his once-exalted state as master of his government to membership in a be wildered, fearful mass of onlookers. On some issues he can give the inquiring reporter a quick answer.",1866727336,Magazines,"Moley, Raymond","© IBT Media, Inc",Article,"Oct 9, 1961",0028-9604,15,English,English,106,New York,"Oct 9, 1961",Newsweek,1961,58,https://www.proquest.com/magazines/money-crisis-too/docview/1866727336/se-2?accountid=14696,Photographs,106,https://usmai-umcp.primo.exlibrisgroup.com/openurl/01USMAI_UMCP/01USMAI_UMCP:UMCP?sid=ProQ:&amp;issn=00289604&amp;volume=58&amp;issue=15&amp;title=Newsweek&amp;spage=106&amp;date=1961-10-09&amp;atitle=A+Money+Crisis%2C+Too&amp;au=Moley%2C+Raymond&amp;id=doi:,The Newsweek Archive,1961-10-09,batch2_209_page0.txt,./perspective_extracted/batch2_209_page0.txt,FALSE,1961-10-09batch2_209_page0.txt.txt,./perspective_renamed/1961-10-09batch2_209_page0.txt.txt,FALSE
233,batch2_233.pdf,'Flags of Necessity': NO SUBSIDIES,"ON FEB. 16, 1961, the National Labor Relations Board brushed aside the long settled policy of other Federal agencies and ruled that it would assume jurisdiction over the foreign crew of an American-owned ship registered under the Liberian flag.",1894162456,Magazines,"Moley, Raymond","© IBT Media, Inc",Article,"Apr 24, 1961",0028-9604,17,English,English,104,New York,"Apr 24, 1961",Newsweek,1961,57,https://www.proquest.com/magazines/flags-necessity/docview/1894162456/se-2?accountid=14696,Photographs,104,https://usmai-umcp.primo.exlibrisgroup.com/openurl/01USMAI_UMCP/01USMAI_UMCP:UMCP?sid=ProQ:&amp;issn=00289604&amp;volume=57&amp;issue=17&amp;title=Newsweek&amp;spage=104&amp;date=1961-04-24&amp;atitle=%27Flags+of+Necessity%27&amp;au=Moley%2C+Raymond&amp;id=doi:,The Newsweek Archive,1961-04-24,batch2_233_page0.txt,./perspective_extracted/batch2_233_page0.txt,FALSE,1961-04-24batch2_233_page0.txt.txt,./perspective_renamed/1961-04-24batch2_233_page0.txt.txt,FALSE
255,na,The Disfranchised: CORRECTION BY LAW,"IN THE midst of all the hand-on| heart declarations of politicians concerning the Negroes who are prevented from voting and the boasts that the right to vote has been extended by Federal law to enfranchise those people, to my knowledge nothing has been said or done by either party for 8 million voters who were unable to vote on Nov. 8.",2442862441,Magazines,"Moley, Raymond","© IBT Media, Inc",Article,"Nov 21, 1960",0028-9604,22,English,English,116,New York,"Nov 21, 1960",Newsweek,1960,56,https://www.proquest.com/magazines/disfranchised/docview/2442862441/se-2?accountid=14696,Photographs,116,https://usmai-umcp.primo.exlibrisgroup.com/openurl/01USMAI_UMCP/01USMAI_UMCP:UMCP?sid=ProQ:&amp;issn=00289604&amp;volume=56&amp;issue=22&amp;title=Newsweek&amp;spage=116&amp;date=1960-11-21&amp;atitle=The+Disfranchised&amp;au=Moley%2C+Raymond&amp;id=doi:,The Newsweek Archive,1960-11-21,na,./perspective_extracted/na,FALSE,1960-11-21na.txt,./perspective_renamed/1960-11-21na.txt,FALSE
15,batch3_15.pdf,Image and Inheritance: EASY TO UNDERSTAND,"THIS may be a good moment to reflect upon the remarkable achievement of a young man with a single purpose who rose so fast and so soon to the prize of prizes, a Presidential nomination. The only candidacy which has ever offered a comparison with that of John Fitzgerald Kennedy was that which Marcus A. Hanna promoted for his beloved friend William McKinley over a period of eight years.",1879122760,Magazines,"Moley, Raymond","© IBT Media, Inc",Article,"Aug 1, 1960",0028-9604,5,English,English,84,New York,"Aug 1, 1960",Newsweek,1960,56,https://www.proquest.com/magazines/image-inheritance/docview/1879122760/se-2?accountid=14696,Photographs,84,https://usmai-umcp.primo.exlibrisgroup.com/openurl/01USMAI_UMCP/01USMAI_UMCP:UMCP?sid=ProQ:&amp;issn=00289604&amp;volume=56&amp;issue=5&amp;title=Newsweek&amp;spage=84&amp;date=1960-08-01&amp;atitle=Image+and+Inheritance&amp;au=Moley%2C+Raymond&amp;id=doi:,The Newsweek Archive,1960-08-01,batch3_15_page0.txt,./perspective_extracted/batch3_15_page0.txt,FALSE,1960-08-01batch3_15_page0.txt.txt,./perspective_renamed/1960-08-01batch3_15_page0.txt.txt,FALSE
38,batch3_38.pdf,World Peace by Law: CONNALLY RESERVATION,"As AN ideal, ""world peace through law"" has moved enlightened minds over many centuries. There were many prophets even before Dante wrote his De Monarchia in the fourteenth century. Three hundred years later, Hugo Grotius became the founder of modern international law.",1883545803,Magazines,"Moley, Raymond","© IBT Media, Inc",Article,"Feb 22, 1960",0028-9604,8,English,English,108,New York,"Feb 22, 1960",Newsweek,1960,55,https://www.proquest.com/magazines/world-peace-law/docview/1883545803/se-2?accountid=14696,Photographs,108,https://usmai-umcp.primo.exlibrisgroup.com/openurl/01USMAI_UMCP/01USMAI_UMCP:UMCP?sid=ProQ:&amp;issn=00289604&amp;volume=55&amp;issue=8&amp;title=Newsweek&amp;spage=108&amp;date=1960-02-22&amp;atitle=World+Peace+by+Law&amp;au=Moley%2C+Raymond&amp;id=doi:,The Newsweek Archive,1960-02-22,batch3_38_page0.txt,./perspective_extracted/batch3_38_page0.txt,FALSE,1960-02-22batch3_38_page0.txt.txt,./perspective_renamed/1960-02-22batch3_38_page0.txt.txt,FALSE
44,batch3_44.pdf,The Vice Presidency: THESE ARE EXPENDABLE,RICHARD NIXON has created a significant constitutional institution out of the shell of a meaningless sinecure. Therein lies a wonderful chance for both parties to show that they are not wedded to ossified traditions about the Vice Presidency. One such tradition is that the nominee should be a bait for votes.,1843931961,Magazines,"Moley, Raymond","© IBT Media, Inc",Article,"Jan 11, 1960",0028-9604,2,English,English,94,New York,"Jan 11, 1960",Newsweek,1960,55,https://www.proquest.com/magazines/vice-presidency/docview/1843931961/se-2?accountid=14696,Photographs,94,https://usmai-umcp.primo.exlibrisgroup.com/openurl/01USMAI_UMCP/01USMAI_UMCP:UMCP?sid=ProQ:&amp;issn=00289604&amp;volume=55&amp;issue=2&amp;title=Newsweek&amp;spage=94&amp;date=1960-01-11&amp;atitle=The+Vice+Presidency&amp;au=Moley%2C+Raymond&amp;id=doi:,The Newsweek Archive,1960-01-11,batch3_44_page0.txt,./perspective_extracted/batch3_44_page0.txt,FALSE,1960-01-11batch3_44_page0.txt.txt,./perspective_renamed/1960-01-11batch3_44_page0.txt.txt,FALSE
50,batch3_50.pdf,Dilemma of the Left: AN ILL-ASSORTED LOT,"Now, seven weeks after witnessing the rout of the Labor Party in Britain and after visiting three other countries in Europe, it is time to appraise the political revolution which seems to be quietly moving over our Western allies. It is the ascendency of experience over experimentation, the realization of the possible over prophecy, things over ideology, and fact over fancy.",1882557566,Magazines,"Moley, Raymond","© IBT Media, Inc",Article,"Nov 30, 1959",0028-9604,22,English,English,112,New York,"Nov 30, 1959",Newsweek,1959,54,https://www.proquest.com/magazines/dilemma-left/docview/1882557566/se-2?accountid=14696,Photographs,112,https://usmai-umcp.primo.exlibrisgroup.com/openurl/01USMAI_UMCP/01USMAI_UMCP:UMCP?sid=ProQ:&amp;issn=00289604&amp;volume=54&amp;issue=22&amp;title=Newsweek&amp;spage=112&amp;date=1959-11-30&amp;atitle=Dilemma+of+the+Left&amp;au=Moley%2C+Raymond&amp;id=doi:,The Newsweek Archive,1959-11-30,batch3_50_page0.txt,./perspective_extracted/batch3_50_page0.txt,FALSE,1959-11-30batch3_50_page0.txt.txt,./perspective_renamed/1959-11-30batch3_50_page0.txt.txt,FALSE
33,batch4_33.pdf,Curran et al. vs. U.S.A.: FAST SHIPS,"THE four-day boycott of ships registered under the laws of several small nations, mentioned in this space last week, has come and gone. It was initiated for publicity purposes by the International Transport Workers' Federation, housed in a small office in London. A dud abroad, it got its most lusty support from Joseph Curran's National Maritime Union and Paul Hall's Seafarers.",1894148224,Magazines,"Moley, Raymond","© IBT Media, Inc",Article,"Dec 29, 1958",0028-9604,26,English,English,68,New York,"Dec 29, 1958",Newsweek,1958,52,https://www.proquest.com/magazines/curran-et-al-vs-u-s/docview/1894148224/se-2?accountid=14696,Photographs,68,https://usmai-umcp.primo.exlibrisgroup.com/openurl/01USMAI_UMCP/01USMAI_UMCP:UMCP?sid=ProQ:&amp;issn=00289604&amp;volume=52&amp;issue=26&amp;title=Newsweek&amp;spage=68&amp;date=1958-12-29&amp;atitle=Curran+et+al.+vs.+U.S.A.&amp;au=Moley%2C+Raymond&amp;id=doi:,The Newsweek Archive,1958-12-29,batch4_33_page0.txt,./perspective_extracted/batch4_33_page0.txt,FALSE,1958-12-29batch4_33_page0.txt.txt,./perspective_renamed/1958-12-29batch4_33_page0.txt.txt,FALSE
38,batch4_38.pdf,Politicians Run a War: VACUUMS FOR STALIN,"GEN. Albert C. Wedemeyer's book, ""Wedemeyer Reports"" (NEWSWEEK, Nov. 17), is destined to fan hot flames of controversy. For he steps on many toes—big toes, too. Through the incisive skill of a man who knew, as few others, the art and science of warfare, Wedemeyer portrays the frailties and strength of those politicians whose word was final in the war in Europe between 1942 and 1945.",1843952091,Magazines,"Moley, Raymond","© IBT Media, Inc",Article,"Nov 24, 1958",0028-9604,21,English,English,120,New York,"Nov 24, 1958",Newsweek,1958,52,https://www.proquest.com/magazines/politicians-run-war/docview/1843952091/se-2?accountid=14696,Photographs,120,https://usmai-umcp.primo.exlibrisgroup.com/openurl/01USMAI_UMCP/01USMAI_UMCP:UMCP?sid=ProQ:&amp;issn=00289604&amp;volume=52&amp;issue=21&amp;title=Newsweek&amp;spage=120&amp;date=1958-11-24&amp;atitle=Politicians+Run+a+War&amp;au=Moley%2C+Raymond&amp;id=doi:,The Newsweek Archive,1958-11-24,batch4_38_page0.txt,./perspective_extracted/batch4_38_page0.txt,FALSE,1958-11-24batch4_38_page0.txt.txt,./perspective_renamed/1958-11-24batch4_38_page0.txt.txt,FALSE
45,batch4_45.pdf,Status of Our Teachers: SALARIES ARE GOOD,"To ANTICIPATE letters about my living in an ivory tower, I shall qualify as a witness. Beginning in a one-room, eight-grade district school, I was over a considerable period engaged in grade, high-school, college, and university instruction. I know from experience the trials, troubles, and triumphs of the trade.",1894143089,Magazines,"Moley, Raymond","© IBT Media, Inc",Article,"Oct 6, 1958",0028-9604,14,English,English,96,New York,"Oct 6, 1958",Newsweek,1958,52,https://www.proquest.com/magazines/status-our-teachers/docview/1894143089/se-2?accountid=14696,Photographs,96,https://usmai-umcp.primo.exlibrisgroup.com/openurl/01USMAI_UMCP/01USMAI_UMCP:UMCP?sid=ProQ:&amp;issn=00289604&amp;volume=52&amp;issue=14&amp;title=Newsweek&amp;spage=96&amp;date=1958-10-06&amp;atitle=Status+of+Our+Teachers&amp;au=Moley%2C+Raymond&amp;id=doi:,The Newsweek Archive,1958-10-06,batch4_45_page0.txt,./perspective_extracted/batch4_45_page0.txt,FALSE,1958-10-06batch4_45_page0.txt.txt,./perspective_renamed/1958-10-06batch4_45_page0.txt.txt,FALSE
48,na,Behind the Subsidies: ROLE OF CONSUMERS,"MONTPELIER, VT.—One of the richest rewards of a summer up here in the heart of the Green Mountains is contact with people in public as well as in private life who can take a cool, semidetached look at the affairs of the nation. Montpelier, one of the smaller state capitals, is rich in tradition but cosmopolitan in outlook.",2442862650,Magazines,"Moley, Raymond","© IBT Media, Inc",Article,"Sep 15, 1958",0028-9604,11,English,English,112,New York,"Sep 15, 1958",Newsweek,1958,52,https://www.proquest.com/magazines/behind-subsidies/docview/2442862650/se-2?accountid=14696,Photographs,112,https://usmai-umcp.primo.exlibrisgroup.com/openurl/01USMAI_UMCP/01USMAI_UMCP:UMCP?sid=ProQ:&amp;issn=00289604&amp;volume=52&amp;issue=11&amp;title=Newsweek&amp;spage=112&amp;date=1958-09-15&amp;atitle=Behind+the+Subsidies&amp;au=Moley%2C+Raymond&amp;id=doi:,The Newsweek Archive,1958-09-15,na,./perspective_extracted/na,FALSE,1958-09-15na.txt,./perspective_renamed/1958-09-15na.txt,FALSE
3,batch5_3.pdf,Smith of Virginia: STATESMAN'S RECORD,"IF THIS observer were to name the Most Valuable Member in this and several preceding Congresses, he would be hard put to choose between two gentlemen from Virginia, the indispensable Byrd and the man affectionately known as ""Judge"" Smith. Howard Worth Smith resigned a judgeship to run for Congress 28 years ago and has served continuously since.",1832544785,Magazines,"Moley, Raymond","© IBT Media, Inc",Article,"Aug 25, 1958",0028-9604,8,English,English,80,New York,"Aug 25, 1958",Newsweek,1958,52,https://www.proquest.com/magazines/smith-virginia/docview/1832544785/se-2?accountid=14696,Photographs,80,https://usmai-umcp.primo.exlibrisgroup.com/openurl/01USMAI_UMCP/01USMAI_UMCP:UMCP?sid=ProQ:&amp;issn=00289604&amp;volume=52&amp;issue=8&amp;title=Newsweek&amp;spage=80&amp;date=1958-08-25&amp;atitle=Smith+of+Virginia&amp;au=Moley%2C+Raymond&amp;id=doi:,The Newsweek Archive,1958-08-25,batch5_3_page0.txt,./perspective_extracted/batch5_3_page0.txt,FALSE,1958-08-25batch5_3_page0.txt.txt,./perspective_renamed/1958-08-25batch5_3_page0.txt.txt,FALSE
36,batch5_36.pdf,Tyranny of a Majority: QUILL'S GREAT POWER,"""TYRANNY consists in the wanton or inequitable use of strength by the stronger, in the use of it to do things which one equal would not attempt against another. A majority is tyrannical when it decides without hearing the minority, when it suppresses fair and temperate criticism of its own acts, when it insists upon restraining men in matters not required by the common interest, when it forces men to contribute money to objects which they disapprove and which the common interest does not demand ... tyranny lies in the wantonness of the act, a wantonness springing from the insolence which sense of overwhelming power breeds ...",1879110080,Magazines,"Moley, Raymond","© IBT Media, Inc",Article,"Jan 6, 1958",0028-9604,1,English,English,72,New York,"Jan 6, 1958",Newsweek,1958,51,https://www.proquest.com/magazines/tyranny-majority/docview/1879110080/se-2?accountid=14696,Photographs,72,https://usmai-umcp.primo.exlibrisgroup.com/openurl/01USMAI_UMCP/01USMAI_UMCP:UMCP?sid=ProQ:&amp;issn=00289604&amp;volume=51&amp;issue=1&amp;title=Newsweek&amp;spage=72&amp;date=1958-01-06&amp;atitle=Tyranny+of+a+Majority&amp;au=Moley%2C+Raymond&amp;id=doi:,The Newsweek Archive,1958-01-06,batch5_36_page0.txt,./perspective_extracted/batch5_36_page0.txt,FALSE,1958-01-06batch5_36_page0.txt.txt,./perspective_renamed/1958-01-06batch5_36_page0.txt.txt,FALSE
47,na,The Score on Economy: REPUBLICAN DEFENSE,"AS COOL autumn days soothe the city of Washington, members of Congress who struggled through the heat of the summer are not there to enjoy the change. They are at home facing another sort of heat, explaining their records on the issues which concern their constituents.",2442865033,Magazines,"Moley, Raymond","© IBT Media, Inc",Article,"Oct 21, 1957",0028-9604,17,English,English,120,New York,"Oct 21, 1957",Newsweek,1957,50,https://www.proquest.com/magazines/score-on-economy/docview/2442865033/se-2?accountid=14696,Photographs,120,https://usmai-umcp.primo.exlibrisgroup.com/openurl/01USMAI_UMCP/01USMAI_UMCP:UMCP?sid=ProQ:&amp;issn=00289604&amp;volume=50&amp;issue=17&amp;title=Newsweek&amp;spage=120&amp;date=1957-10-21&amp;atitle=The+Score+on+Economy&amp;au=Moley%2C+Raymond&amp;id=doi:,The Newsweek Archive,1957-10-21,na,./perspective_extracted/na,FALSE,1957-10-21na.txt,./perspective_renamed/1957-10-21na.txt,FALSE
17,batch6_17.pdf,Above the Law: DEAN POUND,"THERE was a medieval maxim: ""Tell me the man and I will tell you the right."" This meant that there was no equal justice for all, but that an individual's liability for his actions was to be determined by the class to which he belonged. The king, of course, was accountable to no law and to no authority.",1850818911,Magazines,"Moley, Raymond","© IBT Media, Inc",Article,"May 27, 1957",0028-9604,21,English,English,124,New York,"May 27, 1957",Newsweek,1957,49,https://www.proquest.com/magazines/above-law/docview/1850818911/se-2?accountid=14696,Photographs,124,https://usmai-umcp.primo.exlibrisgroup.com/openurl/01USMAI_UMCP/01USMAI_UMCP:UMCP?sid=ProQ:&amp;issn=00289604&amp;volume=49&amp;issue=21&amp;title=Newsweek&amp;spage=124&amp;date=1957-05-27&amp;atitle=Above+the+Law&amp;au=Moley%2C+Raymond&amp;id=doi:,The Newsweek Archive,1957-05-27,batch6_17_page0.txt,./perspective_extracted/batch6_17_page0.txt,FALSE,1957-05-27batch6_17_page0.txt.txt,./perspective_renamed/1957-05-27batch6_17_page0.txt.txt,FALSE
66,batch6_66.pdf,Senator O'Mahopoly: INTERLOCKING,"IN A recent speech Sen. Joseph C. O'Mahoney, perennial scourge of big business and exponent of Federal incorporation, made a surprising confession. His testimony to the efficiency of the villain in his tale, General Motors, was, he said, expressed in his personal ownership of a Cadillac.",1895338861,Magazines,"Moley, Raymond","© IBT Media, Inc",Article,"Jun 11, 1956",0028-9604,24,English,English,124,New York,"Jun 11, 1956",Newsweek,1956,47,https://www.proquest.com/magazines/senator-omahopoly/docview/1895338861/se-2?accountid=14696,Photographs,124,https://usmai-umcp.primo.exlibrisgroup.com/openurl/01USMAI_UMCP/01USMAI_UMCP:UMCP?sid=ProQ:&amp;issn=00289604&amp;volume=47&amp;issue=24&amp;title=Newsweek&amp;spage=124&amp;date=1956-06-11&amp;atitle=Senator+O%27Mahopoly&amp;au=Moley%2C+Raymond&amp;id=doi:,The Newsweek Archive,1956-06-11,batch6_66_page0.txt,./perspective_extracted/batch6_66_page0.txt,FALSE,1956-06-11batch6_66_page0.txt.txt,./perspective_renamed/1956-06-11batch6_66_page0.txt.txt,FALSE
83,batch6_83.pdf,A Tale of Three Secretaries,"SEN. KERR SCOTT, chairman of a Senate-House subcommittee, has been conducting an investigation of certain affairs in the Department of the Interior with all of that ruthless energy once attributed to Senator McCarthy.",1894166255,Magazines,"Moley, Raymond","© IBT Media, Inc",Article,"Feb 13, 1956",0028-9604,7,English,English,108,New York,"Feb 13, 1956",Newsweek,1956,47,https://www.proquest.com/magazines/tale-three-secretaries/docview/1894166255/se-2?accountid=14696,Photographs,108,https://usmai-umcp.primo.exlibrisgroup.com/openurl/01USMAI_UMCP/01USMAI_UMCP:UMCP?sid=ProQ:&amp;issn=00289604&amp;volume=47&amp;issue=7&amp;title=Newsweek&amp;spage=108&amp;date=1956-02-13&amp;atitle=A+Tale+of+Three+Secretaries&amp;au=Moley%2C+Raymond&amp;id=doi:,The Newsweek Archive,1956-02-13,batch6_83_page0.txt,./perspective_extracted/batch6_83_page0.txt,FALSE,1956-02-13batch6_83_page0.txt.txt,./perspective_renamed/1956-02-13batch6_83_page0.txt.txt,FALSE
95,batch6_95.pdf,Inside Stuff,"THESE days, because a Presidential election is ahead, I find in traveling hither and yon that people are bored by my musty accumulation of the lore of the past and are eagerly asking who is going to run and how and where. What, in short, is the inside dope?",1879116614,Magazines,"Moley, Raymond","© IBT Media, Inc",Article,"Nov 14, 1955",0028-9604,20,English,English,124,New York,"Nov 14, 1955",Newsweek,1955,46,https://www.proquest.com/magazines/inside-stuff/docview/1879116614/se-2?accountid=14696,Photographs,124,https://usmai-umcp.primo.exlibrisgroup.com/openurl/01USMAI_UMCP/01USMAI_UMCP:UMCP?sid=ProQ:&amp;issn=00289604&amp;volume=46&amp;issue=20&amp;title=Newsweek&amp;spage=124&amp;date=1955-11-14&amp;atitle=Inside+Stuff&amp;au=Moley%2C+Raymond&amp;id=doi:,The Newsweek Archive,1955-11-14,batch6_95_page0.txt,./perspective_extracted/batch6_95_page0.txt,FALSE,1955-11-14batch6_95_page0.txt.txt,./perspective_renamed/1955-11-14batch6_95_page0.txt.txt,FALSE
161,batch6_161.pdf,The John Day Partnership,"PORTLAND, ORE.—It may well be that the outstanding achievement of the Eisenhower Administration on the domestic front will be a Federal-local partnership plan in river development. An outstanding example would be the proposed John Day dam and power plant on the Columbia River.",1843943050,Magazines,"Moley, Raymond","© IBT Media, Inc",Article,"Jul 26, 1954",0028-9604,4,English,English,88,New York,"Jul 26, 1954",Newsweek,1954,44,https://www.proquest.com/magazines/john-day-partnership/docview/1843943050/se-2?accountid=14696,Photographs,88,https://usmai-umcp.primo.exlibrisgroup.com/openurl/01USMAI_UMCP/01USMAI_UMCP:UMCP?sid=ProQ:&amp;issn=00289604&amp;volume=44&amp;issue=4&amp;title=Newsweek&amp;spage=88&amp;date=1954-07-26&amp;atitle=The+John+Day+Partnership&amp;au=Moley%2C+Raymond&amp;id=doi:,The Newsweek Archive,1954-07-26,batch6_161_page0.txt,./perspective_extracted/batch6_161_page0.txt,FALSE,1954-07-26batch6_161_page0.txt.txt,./perspective_renamed/1954-07-26batch6_161_page0.txt.txt,FALSE
193,batch6_193.pdf,'Excessive Abuse',"ADDRESSING himself to the disgraceful exhibition of bias and bad manners by some of the correspondents at the President's Armistice Day press conference, Richard Wilson of the Cowles publications said: ""There was an excessive abuse of the privilege of the press by newspapermen who ought to know better.""",1882518191,Magazines,"Moley, Raymond","© IBT Media, Inc",Article,"Nov 30, 1953",0028-9604,22,English,English,112,New York,"Nov 30, 1953",Newsweek,1953,42,https://www.proquest.com/magazines/excessive-abuse/docview/1882518191/se-2?accountid=14696,Photographs,112,https://usmai-umcp.primo.exlibrisgroup.com/openurl/01USMAI_UMCP/01USMAI_UMCP:UMCP?sid=ProQ:&amp;issn=00289604&amp;volume=42&amp;issue=22&amp;title=Newsweek&amp;spage=112&amp;date=1953-11-30&amp;atitle=%27Excessive+Abuse%27&amp;au=Moley%2C+Raymond&amp;id=doi:,The Newsweek Archive,1953-11-30,batch6_193_page0.txt,./perspective_extracted/batch6_193_page0.txt,FALSE,1953-11-30batch6_193_page0.txt.txt,./perspective_renamed/1953-11-30batch6_193_page0.txt.txt,FALSE
235,batch6_235.pdf,Salvaging Ex-Presidents,"""I AM dead, dead, but in the Elysian Fields."" This was the comment of Benjamin Disraeli when, at 72, he became Earl of Beaconsfield and entered the House of Lords. His promotion, however, differed from that gentle elevation to a cushioned shelf which is the tradition of the British with their superannuated statesmen.",1843955214,Magazines,"Moley, Raymond","© IBT Media, Inc",Article,"Feb 9, 1953",0028-9604,6,English,English,88,New York,"Feb 9, 1953",Newsweek,1953,41,https://www.proquest.com/magazines/salvaging-ex-presidents/docview/1843955214/se-2?accountid=14696,Photographs,88,https://usmai-umcp.primo.exlibrisgroup.com/openurl/01USMAI_UMCP/01USMAI_UMCP:UMCP?sid=ProQ:&amp;issn=00289604&amp;volume=41&amp;issue=6&amp;title=Newsweek&amp;spage=88&amp;date=1953-02-09&amp;atitle=Salvaging+Ex-Presidents&amp;au=Moley%2C+Raymond&amp;id=doi:,The Newsweek Archive,1953-02-09,batch6_235_page0.txt,./perspective_extracted/batch6_235_page0.txt,FALSE,1953-02-09batch6_235_page0.txt.txt,./perspective_renamed/1953-02-09batch6_235_page0.txt.txt,FALSE
237,batch6_237.pdf,A Road Away From Statism,ON A recent radio program I was asked by the moderator whether I was worried about the number of businessmen whom Eisenhower had chosen for his official family. I answered that I was not nearly so worried as I would be if I were one of the businessmen concerned.,1883561807,Magazines,"Moley, Raymond","© IBT Media, Inc",Article,"Jan 26, 1953",0028-9604,4,English,English,112,New York,"Jan 26, 1953",Newsweek,1953,41,https://www.proquest.com/magazines/road-away-statism/docview/1883561807/se-2?accountid=14696,Photographs,112,https://usmai-umcp.primo.exlibrisgroup.com/openurl/01USMAI_UMCP/01USMAI_UMCP:UMCP?sid=ProQ:&amp;issn=00289604&amp;volume=41&amp;issue=4&amp;title=Newsweek&amp;spage=112&amp;date=1953-01-26&amp;atitle=A+Road+Away+From+Statism&amp;au=Moley%2C+Raymond&amp;id=doi:,The Newsweek Archive,1953-01-26,batch6_237_page0.txt,./perspective_extracted/batch6_237_page0.txt,FALSE,1953-01-26batch6_237_page0.txt.txt,./perspective_renamed/1953-01-26batch6_237_page0.txt.txt,FALSE
248,batch6_248.pdf,Not for Sale,"THIS election has proved that there was considerable difference among voters as to the meaning of the word ""good"" in the slogan ""You never had it so good."" The decision a majority made indicated that they felt that the good life means more than the goods of life.",1895333974,Magazines,"Moley, Raymond","© IBT Media, Inc",Article,"Nov 10, 1952",0028-9604,20,English,English,6,New York,"Nov 10, 1952",Newsweek,1952,40,https://www.proquest.com/magazines/not-sale/docview/1895333974/se-2?accountid=14696,Photographs,6,https://usmai-umcp.primo.exlibrisgroup.com/openurl/01USMAI_UMCP/01USMAI_UMCP:UMCP?sid=ProQ:&amp;issn=00289604&amp;volume=40&amp;issue=20&amp;title=Newsweek&amp;spage=6&amp;date=1952-11-10&amp;atitle=Not+for+Sale&amp;au=Moley%2C+Raymond&amp;id=doi:,The Newsweek Archive,1952-11-10,batch6_248_page0.txt,./perspective_extracted/batch6_248_page0.txt,FALSE,1952-11-10batch6_248_page0.txt.txt,./perspective_renamed/1952-11-10batch6_248_page0.txt.txt,FALSE
261,batch6_261.pdf,The Forgotten Majority,"PORTLAND, Ore.-- It was an instructive experience to observe the Democratic convention through the mediums of radio, the press, and television, while enjoying the detachment of more than 2,000 miles from the harassments of Chicago. That detachment has made it possible to appraise the issues as thoughtful Americans will appraise them in the days and weeks and months before election.",2595876401,Magazines,"Moley, Raymond","© IBT Media, Inc",Article,"Aug 4, 1952",0028-9604,5,English,English,23,New York,"Aug 4, 1952",Newsweek,1952,40,https://www.proquest.com/magazines/forgotten-majority/docview/2595876401/se-2?accountid=14696,Photographs,23,https://usmai-umcp.primo.exlibrisgroup.com/openurl/01USMAI_UMCP/01USMAI_UMCP:UMCP?sid=ProQ:&amp;issn=00289604&amp;volume=40&amp;issue=5&amp;title=Newsweek&amp;spage=23&amp;date=1952-08-04&amp;atitle=The+Forgotten+Majority&amp;au=Moley%2C+Raymond&amp;id=doi:,The Newsweek Archive,1952-08-04,batch6_261_page0.txt,./perspective_extracted/batch6_261_page0.txt,FALSE,1952-08-04batch6_261_page0.txt.txt,./perspective_renamed/1952-08-04batch6_261_page0.txt.txt,FALSE
264,batch6_264.pdf,Rough Going Ahead,"THIS piece has been written before the momentous decisions of the Republican convention have been made. It is designed to look beyond that convention to the campaign that lies ahead. Whoever the candidates may be, the Republican Party is facing rough going.",1894135723,Magazines,"Moley, Raymond","© IBT Media, Inc",Article,"Jul 14, 1952",0028-9604,2,English,English,96,New York,"Jul 14, 1952",Newsweek,1952,40,https://www.proquest.com/magazines/rough-going-ahead/docview/1894135723/se-2?accountid=14696,Photographs,96,https://usmai-umcp.primo.exlibrisgroup.com/openurl/01USMAI_UMCP/01USMAI_UMCP:UMCP?sid=ProQ:&amp;issn=00289604&amp;volume=40&amp;issue=2&amp;title=Newsweek&amp;spage=96&amp;date=1952-07-14&amp;atitle=Rough+Going+Ahead&amp;au=Moley%2C+Raymond&amp;id=doi:,The Newsweek Archive,1952-07-14,batch6_264_page0.txt,./perspective_extracted/batch6_264_page0.txt,FALSE,1952-07-14batch6_264_page0.txt.txt,./perspective_renamed/1952-07-14batch6_264_page0.txt.txt,FALSE
11,batch7_11.pdf,Japan After a Cease-Fire,IT is most fortunate for the United States as well as for Japan that the prospects are so bright for an early conclusion of a peace treaty. For Japan is suffering from two shocks that need practical and immediate relief. Apparently negotiator John Foster Dulles has done an excellent job with the treaty.,1850812484,Magazines,"Moley, Raymond","© IBT Media, Inc",Article,"Jul 16, 1951",0028-9604,3,English,English,92,New York,"Jul 16, 1951",Newsweek,1951,38,https://www.proquest.com/magazines/japan-after-cease-fire/docview/1850812484/se-2?accountid=14696,Photographs,92,https://usmai-umcp.primo.exlibrisgroup.com/openurl/01USMAI_UMCP/01USMAI_UMCP:UMCP?sid=ProQ:&amp;issn=00289604&amp;volume=38&amp;issue=3&amp;title=Newsweek&amp;spage=92&amp;date=1951-07-16&amp;atitle=Japan+After+a+Cease-Fire&amp;au=Moley%2C+Raymond&amp;id=doi:,The Newsweek Archive,1951-07-16,batch7_11_page0.txt,./perspective_extracted/batch7_11_page0.txt,FALSE,1951-07-16batch7_11_page0.txt.txt,./perspective_renamed/1951-07-16batch7_11_page0.txt.txt,FALSE
18,batch7_18.pdf,The Subsidy Flimflam,"THE basic fraud in subsidies, now looming in Administration circles, to make food controls and rollbacks palatable to farmers and unions is part and parcel of the whole welfare-state philosophy. Powerful interests that can save or destroy the Administration are to be bought at the expense of the vast majority of taxpayers and future taxpayers and consumers.",1807313037,Magazines,"Moley, Raymond","© IBT Media, Inc",Article,"May 28, 1951",0028-9604,22,English,English,96,New York,"May 28, 1951",Newsweek,1951,37,https://www.proquest.com/magazines/subsidy-flimflam/docview/1807313037/se-2?accountid=14696,Photographs,96,https://usmai-umcp.primo.exlibrisgroup.com/openurl/01USMAI_UMCP/01USMAI_UMCP:UMCP?sid=ProQ:&amp;issn=00289604&amp;volume=37&amp;issue=22&amp;title=Newsweek&amp;spage=96&amp;date=1951-05-28&amp;atitle=The+Subsidy+Flimflam&amp;au=Moley%2C+Raymond&amp;id=doi:,The Newsweek Archive,1951-05-28,batch7_18_page0.txt,./perspective_extracted/batch7_18_page0.txt,FALSE,1951-05-28batch7_18_page0.txt.txt,./perspective_renamed/1951-05-28batch7_18_page0.txt.txt,FALSE
23,batch7_23.pdf,A Vacuum in Japan,"EVEN the most ardent critics of General MacArthur will admit that his removal creates a serious vacuum in Japan which, unless promptly filled, can endanger our future relations with that country. MacArthur was the symbol not only of the great power of the United States but of our abiding interests shared with the Japanese in economic, military, and political life.",1882560404,Magazines,"Moley, Raymond","© IBT Media, Inc",Article,"Apr 23, 1951",0028-9604,17,English,English,100,New York,"Apr 23, 1951",Newsweek,1951,37,https://www.proquest.com/magazines/vacuum-japan/docview/1882560404/se-2?accountid=14696,Photographs,100,https://usmai-umcp.primo.exlibrisgroup.com/openurl/01USMAI_UMCP/01USMAI_UMCP:UMCP?sid=ProQ:&amp;issn=00289604&amp;volume=37&amp;issue=17&amp;title=Newsweek&amp;spage=100&amp;date=1951-04-23&amp;atitle=A+Vacuum+in+Japan&amp;au=Moley%2C+Raymond&amp;id=doi:,The Newsweek Archive,1951-04-23,batch7_23_page0.txt,./perspective_extracted/batch7_23_page0.txt,FALSE,1951-04-23batch7_23_page0.txt.txt,./perspective_renamed/1951-04-23batch7_23_page0.txt.txt,FALSE
37,batch7_37.pdf,Our Future and Japan's,"WHATEVER may be our differences with respect to our commitments in Europe, there is little perceptible argument about the critical importance of making Japan strong enough to defend itself against the Communist tide. The issue now comes down to ways and means, for the rearmament of Japan requires more than an order from Washington.",1832546785,Magazines,"Moley, Raymond","© IBT Media, Inc",Article,"Jan 8, 1951",0028-9604,2,English,English,80,New York,"Jan 8, 1951",Newsweek,1951,37,https://www.proquest.com/magazines/our-future-japans/docview/1832546785/se-2?accountid=14696,Photographs,80,https://usmai-umcp.primo.exlibrisgroup.com/openurl/01USMAI_UMCP/01USMAI_UMCP:UMCP?sid=ProQ:&amp;issn=00289604&amp;volume=37&amp;issue=2&amp;title=Newsweek&amp;spage=80&amp;date=1951-01-08&amp;atitle=Our+Future+and+Japan%27s&amp;au=Moley%2C+Raymond&amp;id=doi:,The Newsweek Archive,1951-01-08,batch7_37_page0.txt,./perspective_extracted/batch7_37_page0.txt,FALSE,1951-01-08batch7_37_page0.txt.txt,./perspective_renamed/1951-01-08batch7_37_page0.txt.txt,FALSE
39,batch7_39.pdf,The Right Above the Law,"DEAN Clarence Manion of the Law School of the University of Notre Dame initiated in 1947 a project of the greatest national importance in these days of doubt, darkened outlook, and ideological conflict. There was held in that year the first convocation of an institute devoted to a discussion of the natural law and its bearing upon the problems of these days.",1882559699,Magazines,"Moley, Raymond","© IBT Media, Inc",Article,"Dec 25, 1950",0028-9604,26,English,English,68,New York,"Dec 25, 1950",Newsweek,1950,36,https://www.proquest.com/magazines/right-above-law/docview/1882559699/se-2?accountid=14696,Photographs,68,https://usmai-umcp.primo.exlibrisgroup.com/openurl/01USMAI_UMCP/01USMAI_UMCP:UMCP?sid=ProQ:&amp;issn=00289604&amp;volume=36&amp;issue=26&amp;title=Newsweek&amp;spage=68&amp;date=1950-12-25&amp;atitle=The+Right+Above+the+Law&amp;au=Moley%2C+Raymond&amp;id=doi:,The Newsweek Archive,1950-12-25,batch7_39_page0.txt,./perspective_extracted/batch7_39_page0.txt,FALSE,1950-12-25batch7_39_page0.txt.txt,./perspective_renamed/1950-12-25batch7_39_page0.txt.txt,FALSE
46,batch7_46.pdf,Voice of Moderation: Who's Who in Politics,"IT is difficult to realize how firmly entrenched in this country are the forces which would pervert the free institutions of this country into the reality of a socialist state. The drift toward more state power, particularly Federal power, began many years ago under such names as ""progressivism"" or ""liberalism.",1807299777,Magazines,"Moley, Raymond","© IBT Media, Inc",Article,"Nov 13, 1950",0028-9604,20,English,English,108,New York,"Nov 13, 1950",Newsweek,1950,36,https://www.proquest.com/magazines/voice-moderation/docview/1807299777/se-2?accountid=14696,Photographs,108,https://usmai-umcp.primo.exlibrisgroup.com/openurl/01USMAI_UMCP/01USMAI_UMCP:UMCP?sid=ProQ:&amp;issn=00289604&amp;volume=36&amp;issue=20&amp;title=Newsweek&amp;spage=108&amp;date=1950-11-13&amp;atitle=Voice+of+Moderation&amp;au=Moley%2C+Raymond&amp;id=doi:,The Newsweek Archive,1950-11-13,batch7_46_page0.txt,./perspective_extracted/batch7_46_page0.txt,FALSE,1950-11-13batch7_46_page0.txt.txt,./perspective_renamed/1950-11-13batch7_46_page0.txt.txt,FALSE
75,batch7_75.pdf,Hunting the Thomas Scalp,"OKLAHOMA CITY—If either of two very determined hunters has his way, the flowing white thatch of Sen. Elmer Thomas will be lifted this year. The first hunter will be Congressman Mike Monroney, and his attack will be in the Democratic primary on July 4. The second will probably be the Rev. W. H. (Bill) Alexander, the prospective Republican candidate in November.",1807310944,Magazines,"Moley, Raymond","© IBT Media, Inc",Article,"Apr 24, 1950",0028-9604,17,English,English,104,New York,"Apr 24, 1950",Newsweek,1950,35,https://www.proquest.com/magazines/hunting-thomas-scalp/docview/1807310944/se-2?accountid=14696,Photographs,104,https://usmai-umcp.primo.exlibrisgroup.com/openurl/01USMAI_UMCP/01USMAI_UMCP:UMCP?sid=ProQ:&amp;issn=00289604&amp;volume=35&amp;issue=17&amp;title=Newsweek&amp;spage=104&amp;date=1950-04-24&amp;atitle=Hunting+the+Thomas+Scalp&amp;au=Moley%2C+Raymond&amp;id=doi:,The Newsweek Archive,1950-04-24,batch7_75_page0.txt,./perspective_extracted/batch7_75_page0.txt,FALSE,1950-04-24batch7_75_page0.txt.txt,./perspective_renamed/1950-04-24batch7_75_page0.txt.txt,FALSE
92,batch7_92.pdf,Railroads in Strait Jackets,"THE recent order of the Interstate Commerce Commission granting Eastern railroads a 12.5 per cent increase in passenger fares has been variously received. Some newspapers, widely read by grumbling commuters, have assailed the increase with suggestions indicating a feeling that they could run the railroads more profitably.",1843955243,Magazines,"Moley, Raymond","© IBT Media, Inc",Article,"Dec 5, 1949",0028-9604,23,English,English,88,New York,"Dec 5, 1949",Newsweek,1949,34,https://www.proquest.com/magazines/railroads-strait-jackets/docview/1843955243/se-2?accountid=14696,Photographs,88,https://usmai-umcp.primo.exlibrisgroup.com/openurl/01USMAI_UMCP/01USMAI_UMCP:UMCP?sid=ProQ:&amp;issn=00289604&amp;volume=34&amp;issue=23&amp;title=Newsweek&amp;spage=88&amp;date=1949-12-05&amp;atitle=Railroads+in+Strait+Jackets&amp;au=Moley%2C+Raymond&amp;id=doi:,The Newsweek Archive,1949-12-05,batch7_92_page0.txt,./perspective_extracted/batch7_92_page0.txt,FALSE,1949-12-05batch7_92_page0.txt.txt,./perspective_renamed/1949-12-05batch7_92_page0.txt.txt,FALSE
111,batch7_111.pdf,Feeding Hungry Horses,"PORTLAND—One of the newest and biggest of the Federal projects that I have seen on this trip through the Northwest is at Hungry Horse, Mont., in the Flathead River Canyon. There in the early stages of construction is a dam which, it is said, will be the fourth largest in the United States.",1843942170,Magazines,"Moley, Raymond","© IBT Media, Inc",Article,"Aug 1, 1949",0028-9604,5,English,English,68,New York,"Aug 1, 1949",Newsweek,1949,34,https://www.proquest.com/magazines/feeding-hungry-horses/docview/1843942170/se-2?accountid=14696,Photographs,68,https://usmai-umcp.primo.exlibrisgroup.com/openurl/01USMAI_UMCP/01USMAI_UMCP:UMCP?sid=ProQ:&amp;issn=00289604&amp;volume=34&amp;issue=5&amp;title=Newsweek&amp;spage=68&amp;date=1949-08-01&amp;atitle=Feeding+Hungry+Horses&amp;au=Moley%2C+Raymond&amp;id=doi:,The Newsweek Archive,1949-08-01,batch7_111_page0.txt,./perspective_extracted/batch7_111_page0.txt,FALSE,1949-08-01batch7_111_page0.txt.txt,./perspective_renamed/1949-08-01batch7_111_page0.txt.txt,FALSE
112,batch7_112.pdf,The Iron Muzzle on the Great Lakes,"DULUTH—Yesterday I drove through a region that the State of Michigan once accepted from Congress under violent protest. Tomorrow I shall cross an area that England ceded to the United States because the diplomats who wrote the Treaty of Paris in 1783 used a defective map. Together, these lands have provided the iron core of our industrial civilization.",1866724387,Magazines,"Moley, Raymond","© IBT Media, Inc",Article,"Jul 25, 1949",0028-9604,4,English,English,84,New York,"Jul 25, 1949",Newsweek,1949,34,https://www.proquest.com/magazines/iron-muzzle-on-great-lakes/docview/1866724387/se-2?accountid=14696,Photographs,84,https://usmai-umcp.primo.exlibrisgroup.com/openurl/01USMAI_UMCP/01USMAI_UMCP:UMCP?sid=ProQ:&amp;issn=00289604&amp;volume=34&amp;issue=4&amp;title=Newsweek&amp;spage=84&amp;date=1949-07-25&amp;atitle=The+Iron+Muzzle+on+the+Great+Lakes&amp;au=Moley%2C+Raymond&amp;id=doi:,The Newsweek Archive,1949-07-25,batch7_112_page0.txt,./perspective_extracted/batch7_112_page0.txt,FALSE,1949-07-25batch7_112_page0.txt.txt,./perspective_renamed/1949-07-25batch7_112_page0.txt.txt,FALSE
185,batch7_185.pdf,The Race Narrows,"DALLAS—In Texas, as elsewhere, the independents and some Republicans who were talking about Eisenhower are turning to Stassen in considerable numbers. The withdrawal of the general has also sharpened the contest between Taft and Dewey. Eisenhower's renunciation seemed inevitable for several weeks and was predicted by thoughtful people who preferred him for, President.",1807294896,Magazines,"Moley, Raymond","© IBT Media, Inc",Article,"Feb 9, 1948",0028-9604,6,English,English,80,New York,"Feb 9, 1948",Newsweek,1948,31,https://www.proquest.com/magazines/race-narrows/docview/1807294896/se-2?accountid=14696,Photographs,80,https://usmai-umcp.primo.exlibrisgroup.com/openurl/01USMAI_UMCP/01USMAI_UMCP:UMCP?sid=ProQ:&amp;issn=00289604&amp;volume=31&amp;issue=6&amp;title=Newsweek&amp;spage=80&amp;date=1948-02-09&amp;atitle=The+Race+Narrows&amp;au=Moley%2C+Raymond&amp;id=doi:,The Newsweek Archive,1948-02-09,batch7_185_page0.txt,./perspective_extracted/batch7_185_page0.txt,FALSE,1948-02-09batch7_185_page0.txt.txt,./perspective_renamed/1948-02-09batch7_185_page0.txt.txt,FALSE
205,batch7_205.pdf,The Land Is Bright,"PEORIA—A long automobile trip such as this observer is completing would, I am sure, be fatal to a professional viewer-with-alarm. He might survive the stress of spotty weather, crowded lodgings, highway reconstruction and high prices. But his nerves would crack before the indifference of the great American public to all warnings of perilous trends, of impending crises and of menacing doom.",1807291735,Magazines,"Moley, Raymond","© IBT Media, Inc",Article,"Sep 1, 1947",0028-9604,9,English,English,84,New York,"Sep 1, 1947",Newsweek,1947,30,https://www.proquest.com/magazines/land-is-bright/docview/1807291735/se-2?accountid=14696,Photographs,84,https://usmai-umcp.primo.exlibrisgroup.com/openurl/01USMAI_UMCP/01USMAI_UMCP:UMCP?sid=ProQ:&amp;issn=00289604&amp;volume=30&amp;issue=9&amp;title=Newsweek&amp;spage=84&amp;date=1947-09-01&amp;atitle=The+Land+Is+Bright&amp;au=Moley%2C+Raymond&amp;id=doi:,The Newsweek Archive,1947-09-01,batch7_205_page0.txt,./perspective_extracted/batch7_205_page0.txt,FALSE,1947-09-01batch7_205_page0.txt.txt,./perspective_renamed/1947-09-01batch7_205_page0.txt.txt,FALSE
209,batch7_209.pdf,Politics in Wisconsin and Minnesota,"MINNEAPOLIS—At this late date, Harold Stassen is still the only frankly declared candidate for President. Another distinction he shares with Senator Taft. He is outspoken. People like him for that, although some of his friends in Minnesota feel he has said a few things which it would have been wiser to have left unsaid.",1807292525,Magazines,"Moley, Raymond","© IBT Media, Inc",Article,"Aug 4, 1947",0028-9604,5,English,English,96,New York,"Aug 4, 1947",Newsweek,1947,30,https://www.proquest.com/magazines/politics-wisconsin-minnesota/docview/1807292525/se-2?accountid=14696,Photographs,96,https://usmai-umcp.primo.exlibrisgroup.com/openurl/01USMAI_UMCP/01USMAI_UMCP:UMCP?sid=ProQ:&amp;issn=00289604&amp;volume=30&amp;issue=5&amp;title=Newsweek&amp;spage=96&amp;date=1947-08-04&amp;atitle=Politics+in+Wisconsin+and+Minnesota&amp;au=Moley%2C+Raymond&amp;id=doi:,The Newsweek Archive,1947-08-04,batch7_209_page0.txt,./perspective_extracted/batch7_209_page0.txt,FALSE,1947-08-04batch7_209_page0.txt.txt,./perspective_renamed/1947-08-04batch7_209_page0.txt.txt,FALSE
215,batch7_215.pdf,What Hague Has Joined Together,"THE best ^political story I ever read is ""Malachi Nolan,"" a short sketch by Brand Whitlock, who knew his Chicago, Springfield and Toledo. It portrays a ward boss who, in his mellow and opulent years, was persuaded by his daughter to quit and pay a visit to Limerick.",1883534339,Magazines,"Moley, Raymond","© IBT Media, Inc",Article,"Jun 16, 1947",0028-9604,24,English,English,104,New York,"Jun 16, 1947",Newsweek,1947,29,https://www.proquest.com/magazines/what-hague-has-joined-together/docview/1883534339/se-2?accountid=14696,Photographs,104,https://usmai-umcp.primo.exlibrisgroup.com/openurl/01USMAI_UMCP/01USMAI_UMCP:UMCP?sid=ProQ:&amp;issn=00289604&amp;volume=29&amp;issue=24&amp;title=Newsweek&amp;spage=104&amp;date=1947-06-16&amp;atitle=What+Hague+Has+Joined+Together&amp;au=Moley%2C+Raymond&amp;id=doi:,The Newsweek Archive,1947-06-16,batch7_215_page0.txt,./perspective_extracted/batch7_215_page0.txt,FALSE,1947-06-16batch7_215_page0.txt.txt,./perspective_renamed/1947-06-16batch7_215_page0.txt.txt,FALSE
327,batch7_327.pdf,A Planned Economy for Germany,"M uch as Americans may dislike tbe methods and implications of a planned economy, they will have to impose some such system upon tbe section of Germany that we shall occupy. We shall have to tell Germans where and when they may work, plant, reap, manufacture, trade, borrow, lend and travel.",1923994390,Magazines,"Moley, Raymond","© IBT Media, Inc",Article,"Apr 16, 1945",0028-9604,16,English,English,108,New York,"Apr 16, 1945",Newsweek,1945,25,https://www.proquest.com/magazines/planned-economy-germany/docview/1923994390/se-2?accountid=14696,Photographs,108,https://usmai-umcp.primo.exlibrisgroup.com/openurl/01USMAI_UMCP/01USMAI_UMCP:UMCP?sid=ProQ:&amp;issn=00289604&amp;volume=25&amp;issue=16&amp;title=Newsweek&amp;spage=108&amp;date=1945-04-16&amp;atitle=A+Planned+Economy+for+Germany&amp;au=Moley%2C+Raymond&amp;id=doi:,The Newsweek Archive,1945-04-16,batch7_327_page0.txt,./perspective_extracted/batch7_327_page0.txt,FALSE,1945-04-16batch7_327_page0.txt.txt,./perspective_renamed/1945-04-16batch7_327_page0.txt.txt,FALSE
328,batch7_328.pdf,World Order Under Law,"In the Crimean statement appears a pledge of the Big Three to build ""world order under law."" This is not a mere rhetorical flourish or an empty expression of political theory. It is a basic concept whose light must guide even' step now taken from San Francisco onward.",1924004508,Magazines,"Moley, Raymond","© IBT Media, Inc",Article,"Apr 9, 1945",0028-9604,15,English,English,104,New York,"Apr 9, 1945",Newsweek,1945,25,https://www.proquest.com/magazines/world-order-under-law/docview/1924004508/se-2?accountid=14696,Photographs,104,https://usmai-umcp.primo.exlibrisgroup.com/openurl/01USMAI_UMCP/01USMAI_UMCP:UMCP?sid=ProQ:&amp;issn=00289604&amp;volume=25&amp;issue=15&amp;title=Newsweek&amp;spage=104&amp;date=1945-04-09&amp;atitle=World+Order+Under+Law&amp;au=Moley%2C+Raymond&amp;id=doi:,The Newsweek Archive,1945-04-09,batch7_328_page0.txt,./perspective_extracted/batch7_328_page0.txt,FALSE,1945-04-09batch7_328_page0.txt.txt,./perspective_renamed/1945-04-09batch7_328_page0.txt.txt,FALSE
82,batch8_82.pdf,No More Parades?,"Several weeks ago, but since Pearl Harbor, I had occasion to speak to a group of college students, men and women. Questions followed—questions that made it clear that these young people were not taking apathetically a situation in which they would be bearing the biggest load. That was good.",1797090740,Magazines,"Moley, Raymond","© IBT Media, Inc",Article,"Mar 16, 1942",0028-9604,11,English,English,76,New York,"Mar 16, 1942",Newsweek,1942,19,https://www.proquest.com/magazines/no-more-parades/docview/1797090740/se-2?accountid=14696,NA,76,https://usmai-umcp.primo.exlibrisgroup.com/openurl/01USMAI_UMCP/01USMAI_UMCP:UMCP?sid=ProQ:&amp;issn=00289604&amp;volume=19&amp;issue=11&amp;title=Newsweek&amp;spage=76&amp;date=1942-03-16&amp;atitle=No+More+Parades%3F&amp;au=Moley%2C+Raymond&amp;id=doi:,The Newsweek Archive,1942-03-16,batch8_82_page0.txt,./perspective_extracted/batch8_82_page0.txt,FALSE,1942-03-16batch8_82_page0.txt.txt,./perspective_renamed/1942-03-16batch8_82_page0.txt.txt,FALSE
92,batch8_92.pdf,The Citizen Meets the Crisis,"Now that close to two weeks of war have passed into history, it is possible to take stock of our national state of mind. How have we done? Fairly well, on the morale side. Fairly well, in the sense that there has been no panic, no hysteria and an instant closing of ranks among all sorts and conditions of people.",1797086738,Magazines,"Moley, Raymond","© IBT Media, Inc",Article,"Dec 22, 1941",0028-9604,25,English,English,68,New York,"Dec 22, 1941",Newsweek,1941,18,https://www.proquest.com/magazines/citizen-meets-crisis/docview/1797086738/se-2?accountid=14696,NA,68,https://usmai-umcp.primo.exlibrisgroup.com/openurl/01USMAI_UMCP/01USMAI_UMCP:UMCP?sid=ProQ:&amp;issn=00289604&amp;volume=18&amp;issue=25&amp;title=Newsweek&amp;spage=68&amp;date=1941-12-22&amp;atitle=The+Citizen+Meets+the+Crisis&amp;au=Moley%2C+Raymond&amp;id=doi:,The Newsweek Archive,1941-12-22,batch8_92_page0.txt,./perspective_extracted/batch8_92_page0.txt,FALSE,1941-12-22batch8_92_page0.txt.txt,./perspective_renamed/1941-12-22batch8_92_page0.txt.txt,FALSE
97,batch8_97.pdf,Premature Obituary No. 1,"Probably the most appealing of all popular ideas about politics is the notion that a major party which has had a few reverses at the polls can be killed off, ""rehabilitated,"" reconstituted, or what have you. It is also the most deceptive, as well-meaning political innocents are going to find out before a year has passed.",1797089273,Magazines,"Moley, Raymond","© IBT Media, Inc",Article,"Nov 17, 1941",0028-9604,20,English,English,68,New York,"Nov 17, 1941",Newsweek,1941,18,https://www.proquest.com/magazines/premature-obituary-no-1/docview/1797089273/se-2?accountid=14696,NA,68,https://usmai-umcp.primo.exlibrisgroup.com/openurl/01USMAI_UMCP/01USMAI_UMCP:UMCP?sid=ProQ:&amp;issn=00289604&amp;volume=18&amp;issue=20&amp;title=Newsweek&amp;spage=68&amp;date=1941-11-17&amp;atitle=Premature+Obituary+No.+1&amp;au=Moley%2C+Raymond&amp;id=doi:,The Newsweek Archive,1941-11-17,batch8_97_page0.txt,./perspective_extracted/batch8_97_page0.txt,FALSE,1941-11-17batch8_97_page0.txt.txt,./perspective_renamed/1941-11-17batch8_97_page0.txt.txt,FALSE
102,batch8_102.pdf,Something About Intolerance,"This little piece about intolerance is not written with any conviction that it can have much influence, because it is written at a moment when feelings are getting so ruffled that no preachment can help much. And this is not even a preachment; it is just a quiet observation of fact. Respect for the other fellow's right to speak his mind, as a political policy, only partly rests upon moral grounds.",1797080472,Magazines,"Moley, Raymond","© IBT Media, Inc",Article,"Sep 29, 1941",0028-9604,13,English,English,64,New York,"Sep 29, 1941",Newsweek,1941,18,https://www.proquest.com/magazines/something-about-intolerance/docview/1797080472/se-2?accountid=14696,NA,64,https://usmai-umcp.primo.exlibrisgroup.com/openurl/01USMAI_UMCP/01USMAI_UMCP:UMCP?sid=ProQ:&amp;issn=00289604&amp;volume=18&amp;issue=13&amp;title=Newsweek&amp;spage=64&amp;date=1941-09-29&amp;atitle=Something+About+Intolerance&amp;au=Moley%2C+Raymond&amp;id=doi:,The Newsweek Archive,1941-09-29,batch8_102_page0.txt,./perspective_extracted/batch8_102_page0.txt,FALSE,1941-09-29batch8_102_page0.txt.txt,./perspective_renamed/1941-09-29batch8_102_page0.txt.txt,FALSE
108,batch8_108.pdf,'Inflation-Conscious',"On January 11, 1941, Leon Henderson of the OPACS and my colleague Ralph Robey, of NEWSWEEK, participated in the radio program, The People's Platform. The subject was inflation. Pointing out the certain danger of inflation, Mr. Robey pressed Mr. Henderson to express his views. Mr. Henderson was not so alarmed: ""... we are not threatened with inflation at the present time,"" he said.",1796844398,Magazines,"Moley, Raymond","© IBT Media, Inc",Article,"Aug 18, 1941",0028-9604,7,English,English,64,New York,"Aug 18, 1941",Newsweek,1941,18,https://www.proquest.com/magazines/inflation-conscious/docview/1796844398/se-2?accountid=14696,NA,64,https://usmai-umcp.primo.exlibrisgroup.com/openurl/01USMAI_UMCP/01USMAI_UMCP:UMCP?sid=ProQ:&amp;issn=00289604&amp;volume=18&amp;issue=7&amp;title=Newsweek&amp;spage=64&amp;date=1941-08-18&amp;atitle=%27Inflation-Conscious%27&amp;au=Moley%2C+Raymond&amp;id=doi:,The Newsweek Archive,1941-08-18,batch8_108_page0.txt,./perspective_extracted/batch8_108_page0.txt,FALSE,1941-08-18batch8_108_page0.txt.txt,./perspective_renamed/1941-08-18batch8_108_page0.txt.txt,FALSE
109,batch8_109.pdf,Four Choices,"Foreign Minister Eden's latest speeches on world policy are among the many pieces of evidence that informed people expect, another peace offensive from Hitler before very long. Those who believe this feel that Hitler will offer unexpectedly mild terms to Great Britain. Whether these terms should so much as be considered would theoretically, at least, be a matter for the British to decide without backseat driving from us.",1797082819,Magazines,"Moley, Raymond","© IBT Media, Inc",Article,"Aug 11, 1941",0028-9604,6,English,English,72,New York,"Aug 11, 1941",Newsweek,1941,18,https://www.proquest.com/magazines/four-choices/docview/1797082819/se-2?accountid=14696,NA,72,https://usmai-umcp.primo.exlibrisgroup.com/openurl/01USMAI_UMCP/01USMAI_UMCP:UMCP?sid=ProQ:&amp;issn=00289604&amp;volume=18&amp;issue=6&amp;title=Newsweek&amp;spage=72&amp;date=1941-08-11&amp;atitle=Four+Choices&amp;au=Moley%2C+Raymond&amp;id=doi:,The Newsweek Archive,1941-08-11,batch8_109_page0.txt,./perspective_extracted/batch8_109_page0.txt,FALSE,1941-08-11batch8_109_page0.txt.txt,./perspective_renamed/1941-08-11batch8_109_page0.txt.txt,FALSE
114,batch8_114.pdf,'We Hold These Truths',The United States was not created in a day. The gestation of its nationality covered twenty years. Historians agree that the violent imperial clash between France and England which made a battlefield of America taught the colonies the importance of sticking to one another long before the Seven Years' War ended in 1763.,1796843621,Magazines,"Moley, Raymond","© IBT Media, Inc",Article,"Jul 7, 1941",0028-9604,1,English,English,60,New York,"Jul 7, 1941",Newsweek,1941,18,https://www.proquest.com/magazines/we-hold-these-truths/docview/1796843621/se-2?accountid=14696,NA,60,https://usmai-umcp.primo.exlibrisgroup.com/openurl/01USMAI_UMCP/01USMAI_UMCP:UMCP?sid=ProQ:&amp;issn=00289604&amp;volume=18&amp;issue=1&amp;title=Newsweek&amp;spage=60&amp;date=1941-07-07&amp;atitle=%27We+Hold+These+Truths%27&amp;au=Moley%2C+Raymond&amp;id=doi:,The Newsweek Archive,1941-07-07,batch8_114_page0.txt,./perspective_extracted/batch8_114_page0.txt,FALSE,1941-07-07batch8_114_page0.txt.txt,./perspective_renamed/1941-07-07batch8_114_page0.txt.txt,FALSE
130,batch8_130.pdf,Life Insurance and the TNEC,"Holders of life-insurance policies have a right to be perplexed by the news out of Washington last week. First there were the stories of a huge report on insurance—heralded by papers the country over with such headlines as ""U. S. Control of Insurance Urged on TNEC,"" ""What's Wrong With Insurance? Here Are the Answers From an SEC Report."" These were accompanied by the announcement that the authors of the report, Gerhard A. Gesell and Ernest J. Howe, were speaking neither for the SEC nor for the Temporary National Economic (Monopoly) Committee.",1797096859,Magazines,"Moley, Raymond","© IBT Media, Inc",Article,"Mar 10, 1941",0028-9604,10,English,English,68,New York,"Mar 10, 1941",Newsweek,1941,17,https://www.proquest.com/magazines/life-insurance-tnec/docview/1797096859/se-2?accountid=14696,NA,68,https://usmai-umcp.primo.exlibrisgroup.com/openurl/01USMAI_UMCP/01USMAI_UMCP:UMCP?sid=ProQ:&amp;issn=00289604&amp;volume=17&amp;issue=10&amp;title=Newsweek&amp;spage=68&amp;date=1941-03-10&amp;atitle=Life+Insurance+and+the+TNEC&amp;au=Moley%2C+Raymond&amp;id=doi:,The Newsweek Archive,1941-03-10,batch8_130_page0.txt,./perspective_extracted/batch8_130_page0.txt,FALSE,1941-03-10batch8_130_page0.txt.txt,./perspective_renamed/1941-03-10batch8_130_page0.txt.txt,FALSE
149,batch8_149.pdf,Mr. Wallace,"Americans have cherished the Vice Presidency chiefly as a source of innocent merriment. But the joke—if they persist in the whimsy—is on them. Of 25 individuals elected to the Presidency by the people, six have been succeeded by the Vice President elected with them—a fairly large proportion, all things considered.",1797090888,Magazines,"Moley, Raymond","© IBT Media, Inc",Article,"Oct 28, 1940",0028-9604,18,English,English,68,New York,"Oct 28, 1940",Newsweek,1940,16,https://www.proquest.com/magazines/mr-wallace/docview/1797090888/se-2?accountid=14696,NA,68,https://usmai-umcp.primo.exlibrisgroup.com/openurl/01USMAI_UMCP/01USMAI_UMCP:UMCP?sid=ProQ:&amp;issn=00289604&amp;volume=16&amp;issue=18&amp;title=Newsweek&amp;spage=68&amp;date=1940-10-28&amp;atitle=Mr.+Wallace&amp;au=Moley%2C+Raymond&amp;id=doi:,The Newsweek Archive,1940-10-28,batch8_149_page0.txt,./perspective_extracted/batch8_149_page0.txt,FALSE,1940-10-28batch8_149_page0.txt.txt,./perspective_renamed/1940-10-28batch8_149_page0.txt.txt,FALSE
152,batch8_152.pdf,The New Axis,"for Americans, the Japanese-German-Italian agreement provides the most frightening news since the war began. But it can have its uses. First, it can force us to concentrate upon that irreducible minimum of what we must defend in order to protect our own country. Second, it can open our eyes to what our diplomacy and laggard defense have exposed us.",1796840275,Magazines,"Moley, Raymond","© IBT Media, Inc",Article,"Oct 7, 1940",0028-9604,15,English,English,64,New York,"Oct 7, 1940",Newsweek,1940,16,https://www.proquest.com/magazines/new-axis/docview/1796840275/se-2?accountid=14696,NA,64,https://usmai-umcp.primo.exlibrisgroup.com/openurl/01USMAI_UMCP/01USMAI_UMCP:UMCP?sid=ProQ:&amp;issn=00289604&amp;volume=16&amp;issue=15&amp;title=Newsweek&amp;spage=64&amp;date=1940-10-07&amp;atitle=The+New+Axis&amp;au=Moley%2C+Raymond&amp;id=doi:,The Newsweek Archive,1940-10-07,batch8_152_page0.txt,./perspective_extracted/batch8_152_page0.txt,FALSE,1940-10-07batch8_152_page0.txt.txt,./perspective_renamed/1940-10-07batch8_152_page0.txt.txt,FALSE
160,batch8_160.pdf,Mr. Garner's Silence,"If tears were shed by any of Vice President Garner's friends as he left Washington last week, they should have been tears of regret over what they had done to themselves at Chicago, the week before, and not tears for him. ""Daughters of Jerusalem, ... weep for yourselves,"" he might have told them. For Mr. Garner leaves with his laurels, his conscience and the assurance that he closes the books of official life with his principles unimpaired.",1796839558,Magazines,"Moley, Raymond","© IBT Media, Inc",Article,"Aug 5, 1940",0028-9604,6,English,English,56,New York,"Aug 5, 1940",Newsweek,1940,16,https://www.proquest.com/magazines/mr-garners-silence/docview/1796839558/se-2?accountid=14696,NA,56,https://usmai-umcp.primo.exlibrisgroup.com/openurl/01USMAI_UMCP/01USMAI_UMCP:UMCP?sid=ProQ:&amp;issn=00289604&amp;volume=16&amp;issue=6&amp;title=Newsweek&amp;spage=56&amp;date=1940-08-05&amp;atitle=Mr.+Garner%27s+Silence&amp;au=Moley%2C+Raymond&amp;id=doi:,The Newsweek Archive,1940-08-05,batch8_160_page0.txt,./perspective_extracted/batch8_160_page0.txt,FALSE,1940-08-05batch8_160_page0.txt.txt,./perspective_renamed/1940-08-05batch8_160_page0.txt.txt,FALSE
173,batch8_173.pdf,Antidotes to Pessimism,"For us Americans there could be few better antidotes to pessimism at this moment than two magnificent books just published. One is a warning, and the other, a promise. One is the study of the progress of a mortal politico-economic disease, and the other, a study of our political economy's capacity for resisting it.",1882520324,Magazines,"Moley, Raymond","© IBT Media, Inc",Article,"Apr 29, 1940",0028-9604,18,English,English,64,New York,"Apr 29, 1940",Newsweek,1940,15,https://www.proquest.com/magazines/antidotes-pessimism/docview/1882520324/se-2?accountid=14696,NA,64,https://usmai-umcp.primo.exlibrisgroup.com/openurl/01USMAI_UMCP/01USMAI_UMCP:UMCP?sid=ProQ:&amp;issn=00289604&amp;volume=15&amp;issue=18&amp;title=Newsweek&amp;spage=64&amp;date=1940-04-29&amp;atitle=Antidotes+to+Pessimism&amp;au=Moley%2C+Raymond&amp;id=doi:,The Newsweek Archive,1940-04-29,batch8_173_page0.txt,./perspective_extracted/batch8_173_page0.txt,FALSE,1940-04-29batch8_173_page0.txt.txt,./perspective_renamed/1940-04-29batch8_173_page0.txt.txt,FALSE
174,batch8_174.pdf,An Expensive Bargain,"The President's new relief request suggests the technique of the bargain counter. Good merchandisers know all about the pulling power of the 98-cent article as against the $1 article. The sum of $975,000,000 is what the President asks to spend for WPA. Think of how nice to say in the campaign:",1882520089,Magazines,"Moley, Raymond","© IBT Media, Inc",Article,"Apr 29, 1940",0028-9604,18,English,English,64,New York,"Apr 29, 1940",Newsweek,1940,15,https://www.proquest.com/magazines/expensive-bargain/docview/1882520089/se-2?accountid=14696,NA,64,https://usmai-umcp.primo.exlibrisgroup.com/openurl/01USMAI_UMCP/01USMAI_UMCP:UMCP?sid=ProQ:&amp;issn=00289604&amp;volume=15&amp;issue=18&amp;title=Newsweek&amp;spage=64&amp;date=1940-04-29&amp;atitle=An+Expensive+Bargain&amp;au=Moley%2C+Raymond&amp;id=doi:,The Newsweek Archive,1940-04-29,batch8_174_page0.txt,./perspective_extracted/batch8_174_page0.txt,FALSE,1940-04-29batch8_174_page0.txt.txt,./perspective_renamed/1940-04-29batch8_174_page0.txt.txt,FALSE
176,batch8_176.pdf,Bricker of Ohio,"Babes in the political woods have been calling Governor John W. Bricker of Ohio a dark horse for some twelve months now. He isn't, of course. To begin with, nobody's a dark horse who's been called a dark horse for a year. Dark horses aren't talked about as such before the eventful moment of their nomination. But more to the point is the fact that no Republican Governor of Ohio was ever a dark horse at a Republican convention.",1796267011,Magazines,"Moley, Raymond","© IBT Media, Inc",Article,"Apr 22, 1940",0028-9604,17,English,English,68,New York,"Apr 22, 1940",Newsweek,1940,15,https://www.proquest.com/magazines/bricker-ohio/docview/1796267011/se-2?accountid=14696,NA,68,https://usmai-umcp.primo.exlibrisgroup.com/openurl/01USMAI_UMCP/01USMAI_UMCP:UMCP?sid=ProQ:&amp;issn=00289604&amp;volume=15&amp;issue=17&amp;title=Newsweek&amp;spage=68&amp;date=1940-04-22&amp;atitle=Bricker+of+Ohio&amp;au=Moley%2C+Raymond&amp;id=doi:,The Newsweek Archive,1940-04-22,batch8_176_page0.txt,./perspective_extracted/batch8_176_page0.txt,FALSE,1940-04-22batch8_176_page0.txt.txt,./perspective_renamed/1940-04-22batch8_176_page0.txt.txt,FALSE
194,batch8_194.pdf,The Law Is to Blame,"When in the haste, heat and hatred of the summer of 1935, Congress threw together and passed the National Labor Relations Act, many cool-headed people said that Congress would be sorry. The House, at any rate, seemed sorry when, four years later, in a calmer moment, it ordered the current investigation of the NLRB.",1879168341,Magazines,"Moley, Raymond","© IBT Media, Inc",Article,"Dec 25, 1939",0028-9604,26,English,English,48,New York,"Dec 25, 1939",Newsweek,1939,14,https://www.proquest.com/magazines/law-is-blame/docview/1879168341/se-2?accountid=14696,NA,48,https://usmai-umcp.primo.exlibrisgroup.com/openurl/01USMAI_UMCP/01USMAI_UMCP:UMCP?sid=ProQ:&amp;issn=00289604&amp;volume=14&amp;issue=26&amp;title=Newsweek&amp;spage=48&amp;date=1939-12-25&amp;atitle=The+Law+Is+to+Blame&amp;au=Moley%2C+Raymond&amp;id=doi:,The Newsweek Archive,1939-12-25,batch8_194_page0.txt,./perspective_extracted/batch8_194_page0.txt,FALSE,1939-12-25batch8_194_page0.txt.txt,./perspective_renamed/1939-12-25batch8_194_page0.txt.txt,FALSE
206,batch8_206.pdf,No 'Prejudism',"""Let there be no prejudism,"" bellowed the announcer when, on a June night three years ago, Joe Louis and Max Schmeling began their first fight. There was none. Millions in New York kept their heads and restrained their passions. They observed the announcer's quaint call for fair play and no street brawls.",1895325721,Magazines,"Moley, Raymond","© IBT Media, Inc",Article,"Oct 30, 1939",0028-9604,18,English,English,56,New York,"Oct 30, 1939",Newsweek,1939,14,https://www.proquest.com/magazines/no-prejudism/docview/1895325721/se-2?accountid=14696,NA,56,https://usmai-umcp.primo.exlibrisgroup.com/openurl/01USMAI_UMCP/01USMAI_UMCP:UMCP?sid=ProQ:&amp;issn=00289604&amp;volume=14&amp;issue=18&amp;title=Newsweek&amp;spage=56&amp;date=1939-10-30&amp;atitle=No+%27Prejudism%27&amp;au=Moley%2C+Raymond&amp;id=doi:,The Newsweek Archive,1939-10-30,batch8_206_page0.txt,./perspective_extracted/batch8_206_page0.txt,FALSE,1939-10-30batch8_206_page0.txt.txt,./perspective_renamed/1939-10-30batch8_206_page0.txt.txt,FALSE
208,batch8_208.pdf,"Stop, Look and Then Listen","I wish there were someone wise enough to formulate some rules that might be called ""First Aid for Listeners of War News"" for the use of Americans these nights when they're beginning to stay home and listen to the radio. The rules ought to be printed in red type, neatly framed and hung up in clear sight of the family.",1895325193,Magazines,"Moley, Raymond","© IBT Media, Inc",Article,"Oct 23, 1939",0028-9604,17,English,English,56,New York,"Oct 23, 1939",Newsweek,1939,14,https://www.proquest.com/magazines/stop-look-then-listen/docview/1895325193/se-2?accountid=14696,NA,56,https://usmai-umcp.primo.exlibrisgroup.com/openurl/01USMAI_UMCP/01USMAI_UMCP:UMCP?sid=ProQ:&amp;issn=00289604&amp;volume=14&amp;issue=17&amp;title=Newsweek&amp;spage=56&amp;date=1939-10-23&amp;atitle=Stop%2C+Look+and+Then+Listen&amp;au=Moley%2C+Raymond&amp;id=doi:,The Newsweek Archive,1939-10-23,batch8_208_page0.txt,./perspective_extracted/batch8_208_page0.txt,FALSE,1939-10-23batch8_208_page0.txt.txt,./perspective_renamed/1939-10-23batch8_208_page0.txt.txt,FALSE
213,batch8_213.pdf,Perspective: The President and Congress,"As Congress assembles this week, the immediate order of business is the proposed repeal of the arms embargo. But the fundamental issues during the session will lie deeper, for the arms-embargo question is merely a symbol. It is the President's intention to have Congress amend the Neutrality Act and then adjourn.",1882520275,Magazines,"Moley, Raymond","© IBT Media, Inc",Article,"Sep 25, 1939",0028-9604,13,English,English,60,New York,"Sep 25, 1939",Newsweek,1939,14,https://www.proquest.com/magazines/perspective/docview/1882520275/se-2?accountid=14696,NA,60,https://usmai-umcp.primo.exlibrisgroup.com/openurl/01USMAI_UMCP/01USMAI_UMCP:UMCP?sid=ProQ:&amp;issn=00289604&amp;volume=14&amp;issue=13&amp;title=Newsweek&amp;spage=60&amp;date=1939-09-25&amp;atitle=Perspective&amp;au=Moley%2C+Raymond&amp;id=doi:,The Newsweek Archive,1939-09-25,batch8_213_page0.txt,./perspective_extracted/batch8_213_page0.txt,FALSE,1939-09-25batch8_213_page0.txt.txt,./perspective_renamed/1939-09-25batch8_213_page0.txt.txt,FALSE
224,batch8_224.pdf,Let Them In,"Apparently our big, brave American Congress, representing the richest, the most powerful and reputedly the most generous nation in the world, is groveling before the prospect of a peaceful invasion by 20,000 children. The Wagner-Rogers Bill seems to be stuck in the House Committee on Immigration and to have been reported out of the Senate Committee with vitiating amendments, despite the support and despite the moving pleas of the representatives of nonpartisan organizations and of great religious, educational and social agencies.",1879143757,Magazines,"Moley, Raymond","© IBT Media, Inc",Article,"Jul 10, 1939",0028-9604,2,English,English,52,New York,"Jul 10, 1939",Newsweek,1939,14,https://www.proquest.com/magazines/let-them/docview/1879143757/se-2?accountid=14696,NA,52,https://usmai-umcp.primo.exlibrisgroup.com/openurl/01USMAI_UMCP/01USMAI_UMCP:UMCP?sid=ProQ:&amp;issn=00289604&amp;volume=14&amp;issue=2&amp;title=Newsweek&amp;spage=52&amp;date=1939-07-10&amp;atitle=Let+Them+In&amp;au=Moley%2C+Raymond&amp;id=doi:,The Newsweek Archive,1939-07-10,batch8_224_page0.txt,./perspective_extracted/batch8_224_page0.txt,FALSE,1939-07-10batch8_224_page0.txt.txt,./perspective_renamed/1939-07-10batch8_224_page0.txt.txt,FALSE
286,batch8_286.pdf,Perspective: Frustration,"This session of Congress must be written down as a session of fumbled opportunity. The blame for the futile regular session of 1937 lay chiefly with the President, whose stubborn insistence upon the enactment of his Court-packing plan gave Congress no alternative but to neglect constructive efforts and devote itself to equally stubborn resistance.",1797109404,Magazines,"Moley, Raymond","© IBT Media, Inc",Article,"Jun 20, 1938",0028-9604,25,English,English,40,New York,"Jun 20, 1938",Newsweek,1938,11,https://www.proquest.com/magazines/perspective/docview/1797109404/se-2?accountid=14696,NA,40,https://usmai-umcp.primo.exlibrisgroup.com/openurl/01USMAI_UMCP/01USMAI_UMCP:UMCP?sid=ProQ:&amp;issn=00289604&amp;volume=11&amp;issue=25&amp;title=Newsweek&amp;spage=40&amp;date=1938-06-20&amp;atitle=Perspective&amp;au=Moley%2C+Raymond&amp;id=doi:,The Newsweek Archive,1938-06-20,batch8_286_page0.txt,./perspective_extracted/batch8_286_page0.txt,FALSE,1938-06-20batch8_286_page0.txt.txt,./perspective_renamed/1938-06-20batch8_286_page0.txt.txt,FALSE
298,batch8_298.pdf,Drifting Toward War,"For weeks it has been known that certain internationalists and ""intellectuals"" in and around the State Department and in New York City have been getting ready for a mighty drive to ""educate"" American public opinion to favor the alignment of the United States with ""democratic"" powers against Japan, Germany and Italy (Periscope, Feb. 14).",1796850842,Magazines,"Moley, Raymond","© IBT Media, Inc",Article,"Mar 28, 1938",0028-9604,13,English,English,40,New York,"Mar 28, 1938",Newsweek,1938,11,https://www.proquest.com/magazines/drifting-toward-war/docview/1796850842/se-2?accountid=14696,NA,40,https://usmai-umcp.primo.exlibrisgroup.com/openurl/01USMAI_UMCP/01USMAI_UMCP:UMCP?sid=ProQ:&amp;issn=00289604&amp;volume=11&amp;issue=13&amp;title=Newsweek&amp;spage=40&amp;date=1938-03-28&amp;atitle=Drifting+Toward+War&amp;au=Moley%2C+Raymond&amp;id=doi:,The Newsweek Archive,1938-03-28,batch8_298_page0.txt,./perspective_extracted/batch8_298_page0.txt,FALSE,1938-03-28batch8_298_page0.txt.txt,./perspective_renamed/1938-03-28batch8_298_page0.txt.txt,FALSE
301,batch8_301.pdf,Five Years—an Inventory,"This week sees the fifth anniversary of the day that Mr. Roosevelt began his attempt to put into operation a progressive redefinition of the aims of modern democratic government. Progressivism did not begin in 1933: the New Deal, as Franklin Roosevelt defined it, was in essence T.R.'s Square Deal modified and corrected in the light of twenty years of change; it was a synthesis of the principles of men who had fought in the cities, the states and the nation for the liberalization of our economic life.",1796852459,Magazines,"Moley, Raymond","© IBT Media, Inc",Article,"Mar 7, 1938",0028-9604,10,English,English,40,New York,"Mar 7, 1938",Newsweek,1938,11,https://www.proquest.com/magazines/five-years-inventory/docview/1796852459/se-2?accountid=14696,NA,40,https://usmai-umcp.primo.exlibrisgroup.com/openurl/01USMAI_UMCP/01USMAI_UMCP:UMCP?sid=ProQ:&amp;issn=00289604&amp;volume=11&amp;issue=10&amp;title=Newsweek&amp;spage=40&amp;date=1938-03-07&amp;atitle=Five+Years%E2%80%94an+Inventory&amp;au=Moley%2C+Raymond&amp;id=doi:,The Newsweek Archive,1938-03-07,batch8_301_page0.txt,./perspective_extracted/batch8_301_page0.txt,FALSE,1938-03-07batch8_301_page0.txt.txt,./perspective_renamed/1938-03-07batch8_301_page0.txt.txt,FALSE
320,batch8_320.pdf,Housing at Last?,"The efforts to encourage more private home building now germinating in Washington recall a bit of personal history. I hope that the presumption of narrating it may, in all the circumstances, be pardoned. It had become perfectly obvious in the second half of 1934 that the initial impulse toward recovery induced by the measures of 1933 was slowing up.",1879131232,Magazines,"Moley, Raymond","© IBT Media, Inc",Article,"Nov 22, 1937",0028-9604,21,English,English,48,New York,"Nov 22, 1937",Newsweek,1937,10,https://www.proquest.com/magazines/housing-at-last/docview/1879131232/se-2?accountid=14696,NA,48,https://usmai-umcp.primo.exlibrisgroup.com/openurl/01USMAI_UMCP/01USMAI_UMCP:UMCP?sid=ProQ:&amp;issn=00289604&amp;volume=10&amp;issue=21&amp;title=Newsweek&amp;spage=48&amp;date=1937-11-22&amp;atitle=Housing+at+Last%3F&amp;au=Moley%2C+Raymond&amp;id=doi:,The Newsweek Archive,1937-11-22,batch8_320_page0.txt,./perspective_extracted/batch8_320_page0.txt,FALSE,1937-11-22batch8_320_page0.txt.txt,./perspective_renamed/1937-11-22batch8_320_page0.txt.txt,FALSE
331,batch8_331.pdf,SHOP TALK,"Seven months ago the magazines TODAY and NEWSWEEK were merged. The purpose of the merger was to consolidate the editorial ideals of both magazines in a new synthesis of news, interpretation and opinion. The difficult task of achieving this fusion of policies has now been accomplished.",1894121237,Magazines,"Moley, Raymond","© IBT Media, Inc",Article,"Oct 4, 1937",0028-9604,14,English,English,44,New York,"Oct 4, 1937",Newsweek,1937,10,https://www.proquest.com/magazines/shop-talk/docview/1894121237/se-2?accountid=14696,NA,44,https://usmai-umcp.primo.exlibrisgroup.com/openurl/01USMAI_UMCP/01USMAI_UMCP:UMCP?sid=ProQ:&amp;issn=00289604&amp;volume=10&amp;issue=14&amp;title=Newsweek&amp;spage=44&amp;date=1937-10-04&amp;atitle=SHOP+TALK&amp;au=Moley%2C+Raymond&amp;id=doi:,The Newsweek Archive,1937-10-04,batch8_331_page0.txt,./perspective_extracted/batch8_331_page0.txt,FALSE,1937-10-04batch8_331_page0.txt.txt,./perspective_renamed/1937-10-04batch8_331_page0.txt.txt,FALSE
332,batch8_332.pdf,The Duty to be Neutral,"Three separate and distinct times in the past four years, the State Department asked Congress, in effect, to be allowed to choose between nations engaged in foreign war upon the basis of a moral judgment as to the right and wrong of the quarrel. Three separate and distinct times Congress refused to grant that power and, speaking for the American people, announced a policy of impartiality with reference to warring nations.",1894121014,Magazines,"Moley, Raymond","© IBT Media, Inc",Article,"Oct 4, 1937",0028-9604,14,English,English,44,New York,"Oct 4, 1937",Newsweek,1937,10,https://www.proquest.com/magazines/duty-be-neutral/docview/1894121014/se-2?accountid=14696,NA,44,https://usmai-umcp.primo.exlibrisgroup.com/openurl/01USMAI_UMCP/01USMAI_UMCP:UMCP?sid=ProQ:&amp;issn=00289604&amp;volume=10&amp;issue=14&amp;title=Newsweek&amp;spage=44&amp;date=1937-10-04&amp;atitle=The+Duty+to+be+Neutral&amp;au=Moley%2C+Raymond&amp;id=doi:,The Newsweek Archive,1937-10-04,batch8_332_page0.txt,./perspective_extracted/batch8_332_page0.txt,FALSE,1937-10-04batch8_332_page0.txt.txt,./perspective_renamed/1937-10-04batch8_332_page0.txt.txt,FALSE
333,batch8_333.pdf,Frankfurter Rumors,"The Washington rumor factory is turning out a new 1937 Frankfurter model: the Professor has ""broken"" with the President. The 1935 Frankfurter model produced by the same factory made him out to be a hidden potentate—running the United States from an untidy desk in the dusty stacks of the Harvard Law Library.",1894120908,Magazines,"Moley, Raymond","© IBT Media, Inc",Article,"Oct 4, 1937",0028-9604,14,English,English,44,New York,"Oct 4, 1937",Newsweek,1937,10,https://www.proquest.com/magazines/frankfurter-rumors/docview/1894120908/se-2?accountid=14696,NA,44,https://usmai-umcp.primo.exlibrisgroup.com/openurl/01USMAI_UMCP/01USMAI_UMCP:UMCP?sid=ProQ:&amp;issn=00289604&amp;volume=10&amp;issue=14&amp;title=Newsweek&amp;spage=44&amp;date=1937-10-04&amp;atitle=Frankfurter+Rumors&amp;au=Moley%2C+Raymond&amp;id=doi:,The Newsweek Archive,1937-10-04,batch8_333_page0.txt,./perspective_extracted/batch8_333_page0.txt,FALSE,1937-10-04batch8_333_page0.txt.txt,./perspective_renamed/1937-10-04batch8_333_page0.txt.txt,FALSE
342,batch8_342.pdf,Sawing the Party in Two,"WHOLLY aside from the effect of the President's letter to Senator Barkley on the battle for party leadership in the Senate, the letter is an historic document, the symbol of a political crisis whose outcome will shape the affairs of government for years to come.",1879130217,Magazines,"Moley, Raymond","© IBT Media, Inc",Article,"Jul 24, 1937",0028-9604,4,English,English,36,New York,"Jul 24, 1937",Newsweek,1937,10,https://www.proquest.com/magazines/sawing-party-two/docview/1879130217/se-2?accountid=14696,NA,36,https://usmai-umcp.primo.exlibrisgroup.com/openurl/01USMAI_UMCP/01USMAI_UMCP:UMCP?sid=ProQ:&amp;issn=00289604&amp;volume=10&amp;issue=4&amp;title=Newsweek&amp;spage=36&amp;date=1937-07-24&amp;atitle=Sawing+the+Party+in+Two&amp;au=Moley%2C+Raymond&amp;id=doi:,The Newsweek Archive,1937-07-24,batch8_342_page0.txt,./perspective_extracted/batch8_342_page0.txt,FALSE,1937-07-24batch8_342_page0.txt.txt,./perspective_renamed/1937-07-24batch8_342_page0.txt.txt,FALSE
