text,n
RAYMOND MOLEY,791
Roosevelt,764
Raymond Moley,628
Truman,315
Nixon,294
Eisenhower,277
Goldwater,207
Willkie,193
Kennedy,170
Wallace,163
Hitler,152
Johnson,152
Taft,151
Bricker,124
Warren,120
F.D.R.,116
Stalin,104
Hoover,92
Stevenson,90
Jackson,86
Douglas,77
Reuther,76
Arnold,72
Vandenberg,70
Hull,69
Churchill,68
Clark,65
Ickes,64
Jefferson,58
Morse,54
Stassen,53
Dewey,52
Frankfurter,50
Davis,48
Hiss,47
Humphrey,44
Wilson,44
Flynn,43
Herbert Hoover,41
Farley,40
FDR,39
Lewis,38
Barkley,37
Franklin D. Roosevelt,36
Jones,36
Machiavelli,36
Murray,36
Frank,35
Smith,35
Woodrow Wilson,35
Hillman,34
La Follette,34
Borah,33
Garner,32
Marx,32
Burke,31
Harding,31
Uncle Sam,31
Baker,29
Holmes,29
James,29
Laski,29
Lenin,29
Bryan,28
Byrd,28
Jim,28
Nelson,28
Reagan,28
Henry,27
Lodge,27
Lindsay,26
Madison,26
Brown,25
George,25
Ike,25
Attlee,24
Higgins,24
Hopkins,24
Miller,24
Rayburn,24
Theodore Roosevelt,24
Bennett,23
Martin,23
Richard Nixon,23
Thomas,23
Bliss,22
Earl Warren,22
Henry Wallace,22
Jesse Jones,22
McCarthy,22
Wheeler,22
Olson,21
Russell,21
Thomas E. Dewey,21
Gore,20
Hamilton,20
Joe,20
Kuchel,20
Marshall,20
Robert,20
Schlesinger,20
Walter Reuther,20
Berle,19
Durkin,19
Gallup,19
Roose-,19
William,19
Barry Goldwater,18
Dante,18
John,18
John F. Kennedy,18
MacArthur,18
Murphy,18
Webster,18
Dirksen,17
Henderson,17
John L. Lewis,17
La Guardia,17
McAdoo,17
Moley,17
O'Dwyer,17
RAYMOND MOLEY*,17
Williams,17
Bill,16
K,16
Kefauver,16
Morgenthau,16
Mussolini,16
Ribicoff,16
Shakespeare,16
Anderson,15
Frank Lausche,15
Harris,15
Kelly,15
Lerner,15
Richard,15
Sorensen,15
Watkins,15
Al Smith,14
Byrnes,14
Castro,14
Ferguson,14
Javits,14
Knudsen,14
Lyndon Johnson,14
Monroe,14
Saltonstall,14
Adlai,13
Adlai Stevenson,13
Bullitt,13
Harry,13
Harry S. Truman,13
Herbert,13
Hiram Johnson,13
Joseph,13
Kerr,13
Khrushchev,13
Landon,13
Lyndon B. Johnson,13
McKay,13
Wendell Willkie,13
Baruch,12
Benson,12
Bevan,12
Boris,12
Bowles,12
Brannan,12
Djilas,12
Dulles,12
Edmund Burke,12
Edward J. Flynn,12
Green,12
JFK,12
Jim Farley,12
John Foster Dulles,12
Molotoff,12
Ray Bliss,12
Robert A. Taft,12
Romney,12
Winston Churchill,12
Bryce,11
Charley,11
Chavez,11
Cárdenas,11
Freeman,11
Morgan,11
Patrick,11
Powell,11
Vinson,11
Welles,11
William Jennings Bryan,11
Alfred E. Smith,10
Baldwin,10
Black,10
Earl,10
Franklin Roosevelt,10
Gaitskell,10
Harry Hopkins,10
Hirsch,10
James Roosevelt,10
Knowland,10
Mark Hanna,10
Milligan,10
Repub-,10
Stolberg,10
Alger Hiss,9
Daniel,9
Disraeli,9
Erhard,9
Hannegan,9
Harold Ickes,9
Harold Stassen,9
Hayes,9
Henry Hazlitt,9
Sam Rayburn,9
Sherman,9
Shivers,9
T. R.,9
Walter,9
Wiley,9
Will Hays,9
Admin-,8
Aneurin Bevan,8
Arthur Krock,8
Bernard Baruch,8
Dodd,8
Eccles,8
Ellis,8
Fishbein,8
Glass,8
Guffey,8
Harrison,8
Harry F. Byrd,8
Hazlitt,8
Huey Long,8
J. Edgar Hoover,8
John Quincy Adams,8
King,8
Knight,8
Lausche,8
Leon Henderson,8
Lloyd George,8
Ludwig,8
McNamara,8
Michelson,8
O'Mahoney,8
Perkins,8
Roberts,8
Rockefeller,8
Sidney Hillman,8
Stimson,8
Strauss,8
Thurman Arnold,8
Tom,8
Udall,8
Versailles,8
Wagner,8
Weimar,8
Adams,7
Bigelow,7
Broderick,7
Coyle,7
Dorfman,7
Dunn,7
Edison,7
Evans,7
Felix Frankfurter,7
Fryingpan,7
Galbraith,7
George Norris,7
Griswold,7
Harriman,7
Hatch,7
Hoffman,7
John N. Garner,7
Kaiser,7
Killory,7
Krasnov,7
Lovett,7
Malenkov,7
McClellan,7
Mitchell,7
NIXON,7
Neuberger,7
Norman Davis,7
O'Brien,7
Patterson,7
Peter,7
Queeny,7
Reich,7
Robert Humphreys,7
Robert Kennedy,7
Robert Moses,7
Robertson,7
Rowan,7
Sam,7
Thurmond,7
Tito,7
Wormser,7
Adam Smith,6
Andrew Jackson Higgins,6
Arthur,6
Arthur Morgan,6
Benton,6
Bonneville,6
Boss,6
Bulkley,6
Bush,6
C.Q.,6
Carr,6
Charles,6
Charles Evans Hughes,6
Clay,6
Czar,6
Felix,6
Frank Murphy,6
Frankenstein,6
Garfield,6
Gilbert,6
Glenn,6
Glenn Frank,6
Glueck,6
Hanna,6
Henry George,6
Hughes,6
Humphreys,6
James F. Byrnes,6
Jesse,6
Joan,6
Klan,6
Lasky,6
Lawrence,6
Lehman,6
Leon Keyserling,6
Louis Howe,6
Ludlow,6
Mao,6
Max Lerner,6
McCarran,6
Milton,6
Moffett,6
Morrison,6
Morton,6
Nasser,6
Nelson Rockefeller,6
Nez Perce,6
Odlin,6
Paul Fannin,6
Prometheus,6
Raymond,6
Robert Wagner,6
Robey,6
Rusk,6
Santa Claus,6
Sherman Adams,6
Veblen,6
Walker,6
Wallas,6
Westerner,6
Wherry,6
White,6
William F. Knowland,6
William Green,6
William O'Dwyer,6
Wright,6
don,6
lic opinion,6
Aberhart,5
Abraham Lincoln,5
Africans,5
Amlie,5
Andrew Jackson,5
Aristotle,5
Augustus,5
Bill Bullitt,5
Bismarck,5
Chamberlain,5
Charles R. Hook,5
Coolidge,5
Darwin,5
Davitt,5
Dean Burch,5
Dickinson,5
Dillon,5
Dilworth,5
Donald Nelson,5
Donovan,5
Douglas McKay,5
Draft,5
Dwight D. Eisenhower,5
Florentine,5
Fulbright,5
Hall,5
Herbert Lehman,5
Hill,5
Hugh Johnson,5
Hun,5
Jenner,5
Jimmy,5
Joe Ferguson,5
John Adams,5
John Hay,5
John Marshall,5
John W. Bricker,5
Joseph Campbell,5
Julius,5
Justice Frankfurter,5
Kennedys,5
Lee,5
Lindley,5
MacLeish,5
Mary,5
Max Eastman,5
McIntire,5
Niccolò Machiavelli,5
Paul Hoffman,5
Penrose,5
Pittman,5
Proxmire,5
Randall,5
Reed,5
René Wormser,5
Rex Tugwell,5
Robert E. Hannegan,5
Robinson,5
Seaton,5
Sloan,5
Tshombe,5
Vincent Astor,5
Walter Bagehot,5
Will Rogers,5
William H. Taft,5
Yorty,5
pro-Roosevelt,5
Aiken,4
Albert Gore,4
Arthur Schlesinger Jr.,4
Astor,4
Atomic Power,4
Average Citizen,4
B. M. Baruch,4
Ball,4
Barry,4
Benjamin Stolberg,4
Bevin,4
Blease,4
Bolton,4
Brazen,4
Butler,4
CQ,4
Carlson,4
Celler,4
Chester Bowles,4
Cordell Hull,4
Daniel Webster,4
Denison Kitchel,4
Dixon,4
Dwight Eisenhower,4
Eastman,4
Edmund G. Brown,4
Edward,4
Elizabeth,4
Eugene Varga,4
Frank McHale,4
Frankfurter’s,4
George Washington,4
Gerald Ford,4
Grand Coulee,4
Grotius,4
Guy Cordon,4
Harold,4
Harold E. Stassen,4
Harold Laski,4
Hartley Act,4
Helen Gahagan Douglas,4
Henry J. Taylor,4
Herbert Bigelow,4
Herbert Hoover's,4
Hitherto,4
Howard Smith,4
Hubert Humphrey,4
Hypocrisy,4
James A. Farley,4
Jap,4
Jenkins,4
Jessup,4
Jim Farley's,4
Joe Martin,4
John Bricker,4
John Dickinson,4
John K. Galbraith,4
John Lewis,4
John V. Lindsay,4
John W. Davis,4
Joseph Alsop,4
Justice Brandeis,4
Knox,4
Landis,4
Langlie,4
Leiserson,4
Lewis H. Brown,4
Lowenthal,4
Lwów,4
Magnuson,4
Mahan,4
Mansfield,4
McCormack,4
McGrath,4
McNutt,4
Minton,4
Newton Baker,4
Nobusuke Kishi,4
Norman Thomas,4
Norris,4
Oberlin,4
Pauley,4
Pfizer,4
Prosecutor Jackson,4
Ralph Robey,4
Ray C. Bliss,4
Richard M. Nixon,4
Rutherfurd,4
Sheldon Glueck,4
Stettinius,4
Steve Early,4
Symington,4
Taber,4
Taylor,4
Ted,4
Teddy Roosevelt,4
Thomas Jefferson,4
Tucker,4
Uncle,4
Wayne Morse,4
Whigs,4
Whitman,4
Woodrow Wilson's,4
Woolton,4
Wythe,4
al,4
al.,4
jerry-built,4
ma,4
tim,4
Adam Clayton Powell,3
Aggression,3
Alaric,3
Alben Barkley,3
Albert,3
Alexander,3
Allen,3
Annie,3
Arends,3
Atomic Energy,3
Augustine,3
Austin,3
Bailey,3
Beck,3
Becker,3
Bender,3
Benjamin Franklin,3
Bennett Champ Clark,3
Bessarabia,3
Bevins,3
Bob Taft,3
Bob Wilson,3
Boyle,3
Brennan,3
Bridges,3
Bruce Alger,3
Caius Octavius,3
Candor,3
Capehart,3
Cardozo,3
Carl,3
Carlyle,3
Caudle,3
Charles F. Murphy,3
Christopher,3
Cleopatra,3
Clyde Cessna,3
Congres-,3
Congress-,3
Connally,3
Cordon,3
Corwin,3
Cotton,3
Coudert,3
D. Roosevelt,3
Dan,3
Dean,3
Dean Acheson,3
Dick,3
Dies,3
Donald Richberg,3
Duff,3
Earl Long,3
Ed Flynn,3
Edgar Hoover,3
Edward J. Flynn's,3
Edwin S. Smith,3
Emory S. Land,3
Englishmen,3
Ernest K. Lindley,3
Estes Kefauver,3
Fairchild,3
Flemming,3
Follette,3
Ford,3
Frederick T. Gates,3
Freud,3
Führer,3
Gary,3
George Bernard Shaw,3
George III,3
George Romney,3
Gladstone,3
Glen Canyon,3
Goebbels,3
Goodwin J. Knight,3
Greeks,3
Grover Cleveland,3
Grow,3
Guerin,3
H. R. 1776,3
Harry Truman,3
Hartley,3
Haskell,3
Hatton Sumners,3
Hauck,3
Henry A. Wallace,3
Henry Adams,3
Henry Ford,3
Hickenlooper,3
Hiram W. Evans,3
Hofstadter,3
Hop-,3
Hutchins,3
JOHNSON,3
Jablonower,3
James E. Murray,3
James Madison,3
James P. Mitchell,3
Jefferson Davis,3
John D. Hayes,3
John Dewey,3
John F.,3
John G. Winant,3
John Kennedy,3
John L.,3
John Lardner,3
John Maynard,3
John Maynard Keynes,3
John W. Love,3
Julius Hirsch,3
Justice Cardozo,3
Justice Roberts,3
Justinian,3
Kappa,3
Karsten,3
Keating,3
Kennon,3
Kent,3
Kishi,3
L. Robert Driver,3
La Follette's,3
Laird,3
Law,3
Len Hall,3
Leonard Hall,3
Lewis L. Strauss,3
Lister Hill,3
Lithuanian,3
Louis D.,3
Lucas,3
Luther Patrick,3
Lynch,3
Majesty,3
Marguerite Clark,3
Mark Twain's,3
Marlowe,3
McDevitt,3
McFarland,3
Mencken,3
Michael,3
Mike Mansfield,3
Millikin,3
Mundt,3
Niagara,3
Okinawa,3
Olin Mathieson,3
O’Connell,3
Paine,3
Patman,3
Paul,3
Paul McNutt,3
Pecora,3
Percy,3
Peter the Great,3
Pfoh,3
Philip,3
Pink,3
Polaris,3
ROOSEVELT,3
Raymond Baldwin,3
Richard B. Russell,3
Riegelman,3
Robert F.,3
Robert H. Jackson,3
Robert I. Gannon,3
Robert Jackson,3
Robert Kintner,3
Robert S. Kerr,3
Robert Welch,3
Roger A. Freeman,3
Roper,3
Rousseau,3
Rube Goldberg,3
Russo-German,3
Sam Jones,3
Samuel Gompers,3
Schaper,3
Schwellenbach,3
Scott Lucas,3
Simpson,3
Slaughter,3
Snyder,3
Socialism,3
Sumner Welles,3
Suárez,3
Teddy,3
Thomas E.,3
Tom Corcoran,3
Tom Paine,3
Truman Administrations,3
Tugwell,3
Tydings,3
Uncle Sam's,3
Varga,3
Vilna,3
Walter Heller,3
Walter Lippmann,3
Wesberry,3
Whitney,3
Wilbur Mills,3
Will Rogers Jr.,3
William Benton,3
William E. Miller,3
William James,3
William Jennings,3
William Knowland,3
Wrights,3
buff,3
chant marine,3
deis,3
meaty,3
nues,3
tent meeting,3
the Beau Sabreur,3
von Neuhoff,3
A,2
A. W. Robertson,2
Abe Fortas,2
Abe Lincoln,2
Abraham Flexner,2
Abundance,2
Achilles,2
Adlai Stevenson's,2
Adler,2
Adoula,2
Akron,2
Albert V. Bryan,2
Alex Brulé,2
Alexander Hamilton,2
Alfred,2
Alfred Thayer Mahan,2
Allan Shivers,2
Andrew,2
Andrew Johnson,2
André Tridon,2
Anthony Crosland,2
Anthony Eden,2
Antonescu,2
Appomattox,2
Arthur H.,2
Arthur Levitt,2
Arthur Vandenberg's,2
Ashbrook,2
B,2
B. Carroll Reece,2
BARRY GOLDWATER,2
BERNARD M. BARUCH,2
Backer,2
Barrett,2
Basch,2
Beall,2
Beame,2
Beard,2
Ben Bella's,2
Ben Franklin,2
Ben Moreell,2
Benkoski,2
Bennett Clark,2
Beveridge,2
Big,2
Biloxi,2
Blind,2
Bob,2
Bob Humphreys,2
Bob La Follette,2
Borchard,2
Bosporus,2
Bracken,2
Brendan Bracken,2
Bretton,2
Britons,2
Brownell,2
Brush,2
Burns,2
Burton,2
Burton K.,2
Butte,2
C.I.O.,2
Calhoun,2
Calm,2
Cannon,2
Carter Glass,2
Case,2
Caucus,2
Cham-,2
Champ Clark,2
Charles G. Dawes,2
Charles Michelson's,2
Charles Murphy,2
Charles Van Hise,2
Charley Michelson,2
Chiang,2
Clinton Anderson,2
Clyde T. Ellis,2
Colby Chester,2
Cole Blease,2
Coleman,2
Collings,2
Compton,2
Confucius,2
Conway,2
Cooper,2
Corcoran,2
Corridor,2
Costello,2
Creel,2
Crown Zellerbach,2
Dan Roper,2
Daniel O’Connell,2
Daniel Roper,2
Danube,2
Darius,2
Dave Beck,2
Davey Lewis,2
David Dubinsky,2
David Lilienthal,2
David McCord Wright,2
Davies,2
Deering Milliken,2
Derthick,2
Dixiecrats,2
Dole,2
Dubinsky,2
Dwight,2
Dwight D.,2
Dworshak,2
E. J. Flynn,2
Early,2
Easterner,2
Ed,2
Ed Schorr,2
Eden,2
Edith,2
Edward Coke,2
Einstein,2
Elihu Root,2
Ellender,2
England,2
Eric Johnston,2
Erma,2
Eugene,2
Eureka,2
F.D. Roosevelt,2
F.D.R. Jr.,2
Fannin,2
Fascism,2
Finian,2
Finn,2
Fiorello H. La Guardia,2
Fitzpatrick,2
Fiume,2
Floyd Olson,2
Folsom,2
Foraker,2
Forrestal,2
Frank Costello,2
Frank Hague,2
Frank Kelly,2
Frank Norris,2
Frank O. Lowden,2
Frank W.,2
Frank Walker,2
Frank Walsh,2
Franklin D.,2
Franklin D. Roosevelt's,2
Franklin Roosevelt's,2
Frederic R. Coudert Jr.,2
Frederick the Great,2
Freylinghuysen,2
Frick,2
Fritz Thyssen,2
Gandhi,2
Genoa,2
George Christopher,2
George Gallup,2
George Peek,2
George Santayana,2
George Warren,2
Gestapo,2
Gino Olivetti,2
Gleason,2
Glen Taylor,2
Glencannon,2
Goldberg,2
Good Will,2
Goodwin Knight,2
Gospel,2
Gottscheers,2
Govern-,2
Governors,2
Governors Dewey,2
Graham,2
Graham Wallas,2
Grant,2
Gresham,2
Guitteau,2
Gus Tyler,2
Gwinn,2
H. G. Wells,2
H. Rowan Gaither,2
Hanley,2
Hanson W. Baldwin,2
Harlan,2
Harlan F. Stone,2
Harold J. Laski,2
Harold L. Ickes,2
Harper,2
Harry Byrd,2
Harry Cain,2
Harry Daugherty,2
Harry Homewood,2
Harry S.,2
Harvester,2
Hayden,2
Helen,2
Heller,2
Henry Clay,2
Henry Stimson,2
Henry VIII,2
Henry Wallace's,2
Herbert Brownell Jr.,2
Herbert Croly,2
Herman Oliphant,2
Herter,2
Hess,2
Hewlett Johnson,2
Heywood Broun,2
High,2
Hillings,2
Hobby,2
Hobson,2
Hoey,2
Holtzoff,2
Holum,2
Homer Ferguson,2
Homer Martin,2
Homeric,2
Hope,2
Horace Greeley,2
Howard,2
Howe,2
Huey Long's,2
Hugh Johnson's,2
Hugh Morton,2
Hunt,2
Hunter,2
Hydra,2
Incodel,2
Irving Ives,2
Ives,2
JACKSON,2
Jack R. Gage,2
Jacobs,2
James A. Moffett,2
James B. Conant,2
